"";"Coord. facteur 1";"Coord. facteur 2";"Coord. facteur 3";"Coord. facteur 4";"Coord. facteur 5";"Coord. facteur 6";"Corr. facteur 1";"Corr. facteur 2";"Corr. facteur 3";"Corr. facteur 4";"Corr. facteur 5";"Corr. facteur 6";"COR -facteur 1";"COR -facteur 2";"COR -facteur 3";"COR -facteur 4";"COR -facteur 5";"COR -facteur 6";"CTR -facteur 1";"CTR -facteur 2";"CTR -facteur 3";"CTR -facteur 4";"CTR -facteur 5";"CTR -facteur 6";"mass";"chi.distance";"inertie"
"classe 1";0,104450431180242;0,112974079692988;-0,471667834720522;0,0179528365640131;-0,154239146944626;0,0347716366359804;0,200471934618641;0,216831391329842;-0,905273077912334;0,0344569173838008;-0,296031522632593;0,0667372761175347;0,00335622130840218;0,00203704224589695;0,0274430575440515;3,50297498569677e-05;0,00251926722860121;0,00011861307086974;0,000279146093103366;0,000326564298544104;0,00569224521811328;8,24664375812478e-06;0,00060869580520022;3,09357995350982e-05;0,0255865116193082;1,0985612989888;0,0308787470715675
"classe 2";0,00306882419018216;0,758385116410173;-0,577557477193965;0,134828015321694;0,259257926300435;0,479236155322798;0,00277407662076287;0,685545437141222;-0,522085527009436;0,121878355340248;0,23435730023192;0,433207551790818;1,03035759818686e-06;0,0326464421463765;0,0146340400959716;0,000702659640674935;0,00253141260454296;0,00801300252614378;9,9241624093489e-08;0,00606079294765689;0,00351512089799994;0,000191562337872928;0,000708294600567065;0,00242018740204634;0,0105377974154665;1,84211769007845;0,0357589362913791
"classe 3";0,030374901782679;0,554500192151255;-0,710637873959108;1,18449708594321;-0,149433848134658;-0,00869620151646493;0,0203003477052687;0,370587097987844;-0,474938027359457;0,791630632176613;-0,0998705805791193;-0,00581190075156033;0,000117027561677297;0,0202336432808418;0,0256853181962481;0,0628734295614179;0,000975014881489507;3,05893149088258e-06;2,01444146246331e-05;0,00671317995444927;0,0110260913629984;0,0306332362563826;0,000487554139091533;1,65114067927152e-06;0,0218335767502912;1,71084300100834;0,0639065248786527
"classe 4";-0,239899740368022;0,758759647104562;-0,21251975355451;0,155182936668477;2,36103369460314;7,92669898827967;-0,0288576353230829;0,0912715001709658;-0,0255640858035919;0,0186670172626036;0,284009683544663;0,953505778575309;0,00191773793343981;0,00995291855025202;0,000603473451472927;0,000283503484230551;0,0639424046946345;0,667677289495608;0,000572422664779919;0,00572618950871569;0,000449216678563309;0,00023952188316323;0,0554449039136573;0,624945288231445;0,00994620177108946;3,33790907197915;0,110816969391706
"classe 5";0,0859491025610503;0,158062211751668;-0,383893092574805;-0,420948137020281;1,69080580283336;1,16867005364514;0,0401545572391558;0,0738450773772959;-0,179350996114964;-0,196662740610823;0,789927484605713;0,545990908159257;0,00107659370879167;0,00188902432203104;0,00861230892314534;0,009123618014016;0,143420587168167;0,0634753559362912;0,000112944007082108;0,000381976467845421;0,00225320701590908;0,00270917888869348;0,0437087069089892;0,0208816268358007;0,0152890499343699;1,59608046033584;0,0389484393940039
"classe 6";0,0873550978113041;0,15527918778288;-0,377562688260715;-0,409056534370772;1,61801629299055;1,08000473772339;0,0430054106393822;0,076444825793422;-0,18587625516527;-0,201380854421769;0,796558607851106;0,531692464458124;0,00121843254585981;0,00199739417591142;0,00912710360679361;0,0094391397711727;0,143894984046262;0,0593920713844107;0,000110179940133094;0,000348138877628385;0,00205827861872696;0,00241597642733957;0,0378000004019714;0,0168413671843261;0,0144386311955778;1,52484908029886;0,033572195827671
"classe 7";0,110264093925619;-0,135490402859886;0,136058649408658;0,195647497445544;0,19514525321608;0,466803313331536;0,188192284748769;-0,231247068451252;0,232216918313586;0,333919667217264;0,33306246624023;0,796712501201136;0,00148936774489819;0,00116671043316187;0,000909318209319957;0,00165662067721572;0,00160584858556865;0,00851243377953033;0,000237584554224628;0,000358729461007574;0,000361744792579281;0,000747994786976325;0,000744159380199586;0,00425811941612331;0,01954114362833;1,74089466489363;0,0592236221480032
"classe 8";0,161272690550365;-0,707970455532176;1,55934804210668;-0,134697552420699;-1,56233883956266;0,469148909405218;0,0679204331753022;-0,29816368692655;0,656723677948868;-0,0567282413212406;-0,657983260448897;0,197583341865136;0,010754228208475;0,10752269704471;0,403156403917035;0,00265043866954469;0,347426495800504;0,0290222564897818;0,00237917475715861;0,0458495364645699;0,22242868746475;0,00165967896226678;0,223282732991636;0,020133816339545;0,0914754765118042;0,947568381472677;0,0821345348446188
"classe 9";0,159140478297101;-0,721818695030933;1,60564535993608;-0,100517127730101;-1,56778049896182;0,517031428080884;0,0657414148367246;-0,298185494820121;0,663296973955009;-0,0415239306995409;-0,647654884904627;0,213587252978042;0,00981231940290647;0,104731881594506;0,400534080074833;0,00138302892891591;0,327820242154208;0,033029075111517;0,000954202361851325;0,0196306835088124;0,0971355998336161;0,000380679341608938;0,0926082516903201;0,0100719382550961;0,0376772476012645;0,978890635891658;0,0361033513042859
"classe 10";0,102229526403017;-0,127044367244493;-0,245273829187631;-0,51191905050358;0,475920274026705;-0,7759692170096;0,0942121651025274;-0,11708089945559;-0,226038203480048;-0,471771745425486;0,438596176758973;-0,715113750005884;0,010605977353506;0,00849808600781174;0,0244810634322003;0,0939596405119651;0,0791263807775634;0,19486738276214;0,00110496312207648;0,00170649851676762;0,006360591560431;0,0277075208907485;0,0239476828538276;0,06366255611921;0,105729234068514;0,604839790730069;0,0386790496615666
"classe 11";0,0889950402512943;-0,164545476403991;-0,14591222029789;-0,494705645208799;0,509419457121129;-0,802374784166214;0,0810947119912346;-0,149938333425812;-0,132959201407708;-0,450789299104362;0,464196926495218;-0,731145823938675;0,00498285774801493;0,00883753346894684;0,00537106084545624;0,054397805427114;0,0562021371832791;0,129167601009752;0,000412763867495884;0,00141104856106083;0,00110956665683645;0,0127545105647279;0,0135244970273172;0,0335524786847207;0,0521158787968424;0,768185159228039;0,0307540198765282
"classe 12";0,0962684681935831;-0,222458155810072;0,21760175068684;0,0308454336072901;0,0475593688724799;0,0434809000694585;0,288677369093227;-0,667078601722919;0,652515845292576;0,0924952768998755;0,142614853435021;0,130384871322731;0,00399564142345211;0,0110694831750322;0,00818602398948665;0,00014492419903871;0,000335695439613332;0,000259936701508021;0,000368025057698915;0,00196519627245986;0,00188032983389932;3,77825291353073e-05;8,98217334324455e-05;7,50768975427761e-05;0,0397108576288107;0,927961933990809;0,0341955496812862
"classe 13";-0,169049282227602;0,341602065386191;-0,0401553353972531;0,171486390582827;0,851120327141833;1,70732481213771;-0,086542386462312;0,174878340620063;-0,0205569553959657;0,0877900295776756;0,435719000440756;0,874040763508138;0,00259767942908943;0,00550316030779392;5,87726492121622e-05;0,000944406521558321;0,0226670869492539;0,0844974037792977;0,000170120841962191;0,000694659272087923;9,598809587525e-06;0,000175061312490997;0,00431233793478092;0,017352544426123;0,00595293117154425;2,02097018663306;0,0243136787908083
"classe 14";0,0226778018733607;-0,216500431507637;0,207166704622543;-0,172194198478031;0,177608009757627;0,172331541209309;0,053275043514801;-0,508606168003058;0,486679232194399;-0,404521278920315;0,417239488256122;0,404843926592524;7,71069103744466e-05;0,00364603821316579;0,00258024629212479;0,00157061298643522;0,00162806363337599;0,00141995015923631;2,9569044576381e-06;0,00026949636461095;0,000246760302634357;0,000170479596582276;0,000181367920642071;0,00017075165535346;0,00574957016878963;1,57359750846253;0,0142371380802144
"classe 15";0,126060608948725;-0,246927018177316;0,111763204548783;-0,101773877616176;-0,0311136132966955;-0,275591577057327;0,299947178830311;-0,587535337937265;0,265928097452535;-0,242159606590588;-0,0740313775206098;-0,655739463239974;0,00370626329607926;0,00737780184668893;0,0011681672259182;0,00085347514089249;7,77200835178027e-05;0,00564886916376965;0,000426579918851861;0,0016367367352836;0,000335304434559375;0,000278044461807454;2,59861837608917e-05;0,00203879465317445;0,0268436523636095;1,26168406992019;0,0427309792240044
"classe 16";0,0891364326122567;0,198205827986448;-0,211238997219086;-0,0464970554556122;0,471358961784107;0,221649090612334;0,147474569465954;0,327927854989398;-0,34949099101618;-0,076928513221743;0,77985463312643;0,366714296866301;0,000892807017534992;0,00229029926209083;0,00201059755715611;8,58299312698993e-05;0,00859420139188567;0,00176048031580195;6,13990666224485e-05;0,00030358765790201;0,000344825572266741;1,67071423602017e-05;0,00171693877386353;0,000379649803042222;0,00772771810467545;1,81767320284657;0,0255318850574188
"classe 17";0,153387651810613;-0,333871703353107;0,663236758689935;0,251955658111248;-0,217241793612231;0,515208485243852;0,157289935941796;-0,342365622090807;0,680109944035054;0,258365578041591;-0,222768569684723;0,528315732616674;0,0059278520380756;0,0145709570505482;0,0444409764132444;0,00565074297517922;0,00409315516687752;0,0213272440984962;0,000586334811508543;0,00277794797057315;0,0109623094675364;0,00158202416531325;0,00117612001645793;0,00661501595171605;0,024920966519384;1,21389486652673;0,0367220596204354
"classe 18";0,114474883446758;0,177227897548875;-0,33030542517101;0,414695903246685;0,258319753502879;0,369412472091102;0,157424151109516;0,243721159476281;-0,454231090688102;0,570283616559144;0,35523746943952;0,508010517916423;0,00078727524039159;0,00097899988212924;0,0026282546765567;0,00365011400134685;0,00137999114698441;0,00261445667672803;9,61802532628178e-05;0,000230531176809987;0,000800749931361383;0,00126219073027537;0,000489757089622413;0,00100158682758637;0,007339483463053;2,48591495346964;0,0453563428830293
"classe 19";-10,52899697511;-0,213237112626473;0,325612737586958;0,0839318177585196;0,0186498663825004;-0,0933014944940916;-0,999244985491024;-0,0202370763346488;0,0309019839225829;0,00796547365495573;0,00176994879064408;-0,00885469439609801;0,92480536532184;0,000196795072808722;0,000354657353492735;2,07620561987641e-05;9,98809536000002e-07;2,31582484003946e-05;0,502128735629947;0,00020595230665568;0,000480223982646354;3,19076141668871e-05;1,57540610158536e-06;3,94292280478008e-05;0,00452940415226193;6,67115734399069;0,201578143786005
"classe 20";0,140423419172292;-0,177460714798442;-0,0147986775218541;-0,239277077905912;0,314377967573777;0,110759819607421;0,299530264243763;-0,378532691411298;-0,0315663285704544;-0,510390124347402;0,670584125175408;0,236256304184542;0,00212970910803793;0,00176464743683533;9,48455312126232e-06;0,00218466152148007;0,00367451730593513;0,000422530291532672;0,000222009403063183;0,000354565711961979;2,46568785093751e-06;0,000644606194871899;0,00111274713826614;0,000138120061053342;0,0112588046070511;1,8540385190359;0,0387016773125272
"classe 21";0,0324433029164004;0,817369768877429;-0,000367924738255378;0,634352291024686;-0,207920707923668;0,812726123823257;0,0243494266339198;0,613454347461154;-0,000276135769654474;0,476095624732351;-0,156049155547007;0,609969187677889;4,84667846123715e-05;0,0159603908664206;2,49943544148655e-09;0,00654629958631323;0,000685242779467941;0,00969917273024242;6,90801807998534e-06;0,00438470605778287;8,88426126753107e-10;0,00264097547356372;0,000283725802409552;0,00433502675273883;0,0065630141798081;2,83950286023789;0,0529161164541458
"classe 22";0,0697927891900122;0,856462807325341;-1,08246950004393;1,4141888862601;-0,294479625706866;0,0863462509858767;0,0348778971099744;0,428004411617467;-0,540947858444676;0,706719634527915;-0,147161765643515;0,0431502407722718;0,000285869747189054;0,0223345084957062;0,0275745404749022;0,0414670073176006;0,00175191279665523;0,000139535986946401;3,62011320924819e-05;0,00545152563667348;0,00870827989586432;0,0148633218616901;0,000644483120713153;5,54099826929625e-05;0,00743192028248692;2,51516111028879;0,0470145908765797
"classe 23";0,120726932748011;0,0215319075039829;-0,0231897161782734;-0,254645946045428;0,128709885045311;0,658296941466607;0,165777712237215;0,029566810693055;-0,0318432516088905;-0,349670296469849;0,176739603992616;0,903948758119082;0,000433684509456572;7,15719554281276e-06;6,41632423284956e-06;0,0006816789370166;0,000169685320543831;0,00411207871534848;2,29035208207119e-05;7,28549268170423e-07;8,45054622699793e-07;0,000101898419629449;2,60326104751632e-05;0,000680985068999734;0,00157142593037659;3,53229173506004;0,0196068147498428
"classe 24";0,0844708980327237;7,93839057355849;2,53804982112063;-0,3331578324396;-0,683165925117863;-0,776426585688619;0,0100498352477934;0,944461574991104;0,301961777925843;-0,0396370987583543;-0,0812789393061876;-0,0923745272029019;0,000198594828559708;0,909978084855318;0,0718925448897286;0,00109142659918021;0,0044715799235097;0,00535065163786904;9,77478964580246e-05;0,863292807855031;0,0882456859517741;0,00152052390813715;0,00639360188941654;0,00825836346224674;0,0136991366401065;3,65226681328168;0,182733507989693
"classe 25";0,0836642059333589;0,0872931059078368;-0,254931181556614;-0,551884470605526;1,58628830111316;0,694947500585269;0,0454841299100681;0,0474569850400298;-0,138593593887501;-0,30003254888196;0,862387234274629;0,377808909373682;0,000731265140826886;0,000413016756526077;0,00272252114111769;0,0112417156804129;0,0904929234908678;0,0160898371106968;9,4207560038574e-05;0,000102557224950894;0,000874686223884413;0,00409923405660746;0,0338665230454771;0,00649995520139673;0,0134588009095783;1,88513132970159;0,047828811721025
"classe 26";0,0483653964392379;0,874693522944849;-4,56663679070131;-0,234203884359283;-3,8516797910224;0,883545507356313;0,00791997416035966;0,143233605221459;-0,747800039797876;-0,0383515663871732;-0,630723754269254;0,144683143382379;0,000153871556394911;0,0261103659906137;0,550062000597858;0,00127472879347433;0,335926360399;0,0163756616774726;5,27166979192721e-05;0,0172421141653983;0,469971624739969;0,00123613778758578;0,334332845799177;0,0175928638200671;0,0225360965779889;2,375718239281;0,127194566357425
"classe 27";-10,2978465440931;-0,105525798415358;0,123440358159624;0,0891227886457063;-0,452864798785467;-0,557401098791229;-0,997416359529696;-0,0102208900901018;0,0119560368400748;0,00863214721850019;-0,0438630306860461;-0,0539880811365462;0,920231445436042;5,01341697103651e-05;5,30210645431105e-05;2,4351321672985e-05;0,000612627176456101;0,000859789322645489;0,482284082151184;5,06439288657055e-05;6,92985971336038e-05;3,61233177085442e-05;0,000932711271576314;0,0014130116339813;0,00454789151614871;6,54089585586844;0,194573891681425
"classe 28";0,130696440423076;0,0395385681914944;-0,0355760096188476;-0,539474656076533;0,966744941662211;0,904332509367093;0,0909864301703357;0,0275254105019626;-0,0247668115860404;-0,375563963064957;0,673015048017663;0,629565628933271;0,00111147648602608;5,27748408159842e-05;3,30230427595279e-05;0,00669045446743155;0,0209339638078446;0,0169699755080582;6,06322573355719e-05;5,54904305576941e-06;4,49252689720776e-06;0,0010330427922092;0,00331741676412081;0,00290290287108117;0,00354957386626241;2,38865249886317;0,0202526643246095
"classe 29";0,136492753868989;0,0744083929049549;-0,295857049245086;-0,0669654141993836;-0,185357299605509;0,12421619389296;0,335038935449523;0,182644924662553;-0,726218997086492;-0,164375180728149;-0,454983217623668;0,304904547588181;0,00159236882640713;0,000245516463177505;0,00299997873547429;0,000135414870533984;0,0010108780211128;0,000420564953171626;0,000114693396849024;3,40849822568354e-05;0,000538868833351334;2,76070716150938e-05;0,000211513752679308;9,49895125031785e-05;0,00615629217429887;2,08414109008534;0,0267407420784648
"classe 30";-0,789418187508995;0,150881585407081;-0,164513818260241;-0,156871972646565;-0,0841044536641839;0,265832657903271;-0,896510316293848;0,171350115815109;-0,186831691462032;-0,178153156388241;-0,0955140273549115;0,30189540092827;0,0316947475323536;0,000600700251592872;0,000551960073790842;0,000442185525074451;0,000123841419345166;0,0011461511024291;0,00252309358996186;9,21704232954651e-05;0,000109578125959687;9,96345170295129e-05;2,86389500772224e-05;0,000286111801218945;0,00404873269120556;2,70179773289443;0,0295545785194337
"classe 31";0,0977757434788999;-0,0240610068322432;-0,490215959652978;-0,782561075827148;0,439446837085799;-0,953944770703627;0,0697335771068407;-0,0171602896127969;-0,349621605575844;-0,558121893839459;0,313413110531784;-0,680352599291504;0,00334244822813371;0,000105012820548272;0,0336904790567937;0,0756449056751593;0,0232418135610228;0,101461450562787;0,000480912189661298;2,91226656459448e-05;0,0120886672569372;0,0308063337628201;0,00971440526264708;0,0457772811027556;0,0503041171359376;1,03047660347471;0,0534170380371994
"classe 32";0,147476084145294;-0,113728324836327;-0,401398388322406;0,425736816250534;-0,338024081921339;-0,0784498789491163;0,209092249134096;-0,161244525633409;-0,56910442326666;0,603611554815304;-0,479252049307115;-0,1112265878826;0,00494818985465953;0,001526696603445;0,0146988807710318;0,0145688858711879;0,00894856372767701;0,00044651893851327;0,000889010575104341;0,000528689903398726;0,00658589770669502;0,00740877060820346;0,00467045310659496;0,000251563881870675;0,0408755615536781;1,27743194832243;0,0667020650000404
"classe 33";0,149955927570362;-0,103459175517832;-0,0173077728738201;4,59373714410965;0,516524971646293;-0,715851995992668;0,032032540351883;-0,0221002281686563;-0,00369716584042154;0,981282119478678;0,110336465287453;-0,152915315313906;0,00267106666303022;0,000659641200762034;1,42682163388891e-05;0,885585504866205;0,0109092523776719;0,0194113661195786;0,00086927321414658;0,000413777668901531;1,15800756664139e-05;0,815757930242;0,0103136328573112;0,019809590719871;0,0386570778872641;1,76791193363332;0,120823184212323
"classe 34";0,0709171431384161;0,235340548525134;-0,577701886769666;-0,137918632117014;0,40739124910278;0,602132046829993;0,0730791602163202;0,242515263446201;-0,595314008322499;-0,142123291594289;0,419811191573245;0,620488959006487;0,000355851468841716;0,00203316262220797;0,0094689915644186;0,000475502655530018;0,00404244930998242;0,00818091633766833;3,7934784084102e-05;0,000417761751535103;0,00251734491413933;0,000143476586247094;0,00125186801828351;0,00273475633178215;0,00754284446580762;2,29063664350962;0,0395774273519869
"classe 35";-0,0642017420976329;-0,166098930096281;0,178083569927275;-0,235763122017531;0,0699681719555533;-0,0509660015915632;-0,180508830646257;-0,467001714652529;0,500697581009543;-0,662868702225826;0,196721654109426;-0,143295384975971;0,000325038489616612;0,00112872236715578;0,00100281017279656;0,00154858011792611;0,00013289147214467;6,53212461521458e-05;3,84822089188098e-05;0,000257572822881077;0,000296083409964904;0,000518941156573991;4,57053903391497e-05;2,42508795494032e-05;0,00933611876282561;2,16979533133176;0,0439545571136399
"classe 36";0,115938199044932;0,521472351737324;-2,25896565216697;0,15794518850924;-1,74648780289599;0,189039624432679;0,0397683381974227;0,178871925002545;-0,774855144997737;0,0541772920834904;-0,599068453498438;0,0648430955378132;0,000697641620314663;0,00732241185096527;0,106200948656877;0,000457438642140575;0,0544960830632087;0,000591476020876837;7,15682795171343e-05;0,00144787160755799;0,0271698181858164;0,000132825138767765;0,0162404699109162;0,000190271248940243;0,00532436079939361;2,67454378514618;0,0380861349225426
"classe 37";0,143939857682795;-0,279737552823456;0,441151448233753;-0,0373825545889595;-0,171307718431814;0,352320796475689;0,214940946552309;-0,417723453100838;0,658757840828538;-0,055822214897568;-0,255808528257645;0,526109770453106;0,00211566140489336;0,0041456999237347;0,00796873350258245;5,04153449901512e-05;0,00103155592868228;0,00404215303964972;0,000116442282809376;0,000439794825973551;0,00109376492364231;7,85392094487711e-06;0,000164931054258035;0,000697629972884512;0,00562015862158215;1,90676574199031;0,0204335231522372
"classe 38";0,0109855918362386;-0,127521906901613;0,264808152449626;0,092699285904349;0,00251863759137105;0,398951875189064;0,0217860062943637;-0,252894255297495;0,525152596425036;0,183835996849365;0,00499482005492188;0,791178863513384;1,41741163001174e-05;0,000990902595343863;0,00330249094309645;0,000356568206508973;2,56469265413208e-07;0,00596131764907623;9,03601474125733e-07;0,000121758589777016;0,000525040391738602;6,4340256806241e-05;4,74964745197958e-08;0,00119171123625617;0,00748738237414727;1,77793064812801;0,0236678956345587
"classe 39";-0,0627475537990596;-0,124299958293712;-0,0128272584087212;-0,207539895881946;0,1527028641948;0,522605688504511;-0,104716065253784;-0,207437609207994;-0,0214067313740431;-0,346352327128695;0,254837712760398;0,872148921608749;0,000369934738045816;0,000753157450922904;6,1991059946053e-06;0,00142980058419815;0,000754190006970188;0,00818336551303508;2,62770005787189e-05;0,000103115548743533;1,09812019634621e-06;0,000287465268272923;0,000155623994171299;0,00182276405949744;0,0066739383631288;1,98780416166662;0,0263711690306192
"classe 40";0,121625390098083;-0,336452361256297;0,284826554733684;-0,307727355821181;0,0674944077953658;-0,254422997484082;0,199118030691495;-0,550820281364204;0,466301506794579;-0,503793369391053;0,110497927711179;-0,41652656719788;0,00407032491946491;0,0161599511220995;0,00895099673116304;0,009205630989301;0,000431490323287654;0,00567996271372337;0,000796916886267823;0,00609834090190323;0,00437044330007165;0,00510148656462826;0,00024541444369207;0,00348720329896951;0,0538721783660868;1,16157982454183;0,0726879895936951
"classe 41";0,0448741615074426;0,0638023156234424;-0,410986117150054;-0,255851567885411;1,45284022950848;0,745626484504177;0,0263185559558901;0,0374198593899615;-0,241042077622191;-0,150056147671474;0,852086269488185;0,437307610780919;0,000230336750674857;0,000241577076008122;0,00774737727485736;0,00264537639246663;0,0831115053922817;0,0202798791440022;3,82702057899453e-05;7,7364368791905e-05;0,00321012843112163;0,00124406843067288;0,0401147249077968;0,0105660036293855;0,0190050100756133;1,80158219892327;0,0616845311645662
"classe 42";0,110631314359363;-0,167785162520133;-0,0810968794335068;-0,394655717976676;0,457642056934058;-0,469993863142467;0,13904601948242;-0,210879343807244;-0,101925918018532;-0,496019657439687;0,575183497845179;-0,590707759638893;0,0093007792437022;0,011098967852062;0,00200401670473506;0,0418158333874617;0,0547860440143468;0,0535303071494067;0,000743304064446053;0,00170969038477502;0,000399409738402068;0,0094590421859198;0,0127192710196305;0,0134151254390072;0,0607309903680834;0,698968746422225;0,0296705691952554
"classe 43";0,0689760787112028;-0,063736498936636;-0,298017107420485;-0,616004317694668;0,572804337212426;-0,721867234312076;0,0598933791643294;-0,055343741899303;-0,258774519307268;-0,534889498735139;0,497378047529747;-0,626812494690814;0,00230744070566471;0,00102216792916012;0,0172721259648576;0,0650192305250962;0,0547773521099963;0,0805935665419882;0,000240299400172115;0,000205178614234972;0,00448578107879915;0,0191656342950079;0,0165717464540983;0,0263190581511755;0,0505074781386922;0,8749285323195;0,0386634713163664
"classe 44";0,0723397225961851;0,189041896654128;-0,220417721861605;0,105354901277517;0,255996952974875;0,587218654930524;0,101195353416406;0,264448920397587;-0,308340265382777;0,147379974463589;0,358111715114341;0,821454619754576;0,000731566487432716;0,00259196153153604;0,00272347254865829;0,000548214324141866;0,0031537307209847;0,0153727647375141;7,90406902284002e-05;0,000539775511826587;0,000733820879895161;0,000167651149310433;0,000989843734166265;0,00520830889956931;0,015104176295502;1,62963105091868;0,040112121144935
"classe 45";0,0669257235104799;0,0133668104453062;-0,272709778651981;-0,244174412887518;0,816313292079593;0,496655752421723;0,0652605123389693;0,0130342243944807;-0,265924355257637;-0,238098991677112;0,796002207759217;0,484298221356733;0,000516507252670616;1,06895186294287e-05;0,00343891589895701;0,00242902141741575;0,0264520236746882;0,00907096273641547;3,22114845319751e-05;1,28493207291435e-06;0,000534842626164584;0,000428770497505815;0,00479223743379204;0,00177392612939094;0,00719158455195874;1,7942965254532;0,023153306617877
