"";"banalfreq";"X.date_2020.06.26";"X.date_2020.07.13";"X.date_2020.12.16";"X.date_2021.01.23";"X.date_2021.03.23";"X.date_2021.03.24";"X.date_2021.04.04";"X.date_2021.05.20";"X.date_2021.05.21";"X.date_2021.08.21";"X.date_2021.08.23";"X.date_2021.10.19";"X.date_2021.10.21";"X.date_2021.12.03";"X.date_2022.04.20";"X.date_2022.05.09";"X.date_2022.06.16";"X.date_2022.06.23";"X.date_2022.06.25";"X.date_2022.09.19";"X.date_2022.10.25";"X.date_2023.01.15";"X.date_2023.02.05";"X.date_2023.04.05";"X.date_2023.05.22";"X.date_2023.08.10";"X.date_2023.10.27";"X.date_2023.11.29";"X.date_2023.12.19";"X.date_2024.01.28";"X.date_2024.02.10";"X.date_2024.02.17";"X.date_2024.09.26";"X.date_2024.11.12";"X.date_2025.03.21";"X.date_2025.04.15";"X.date_2025.04.27";"X.date_2025.06.03";"X.date_2025.06.19";"X.date_2025.06.29";"X.date_2025.07.07";"X.date_2025.08.06";"X.date_2025.08.07";"X.date_2025.09.12";"X.date_2026.03.11"
"expression";12;-0,1351;-0,0552;0,6331;-0,0521;-0,0803;-0,0758;-0,1029;0,5205;0,4326;-0,1988;0,3243;0,4144;-0,0311;-0,0301;-0,1418;-0,0404;1,4596;-0,0384;-0,0237;-0,059;1,1193;-0,0389;-0,0082;-0,0719;-0,0706;-0,1188;-0,0238;-0,0185;-0,0322;-0,0211;-0,269;1,0757;-0,2055;-0,0395;-0,0489;-0,0278;-0,0294;-0,0392;-0,0349;-0,2886;-0,1;-0,3266;-0,2701;-0,0793;-0,0376
"révéler";12;-0,1351;-0,0552;-0,1151;0,9467;-0,0803;-0,0758;-0,1029;-0,5;-0,2002;-0,5824;-0,279;0,4144;-0,0311;-0,0301;-0,1418;-0,0404;0,5828;-0,0384;-0,0237;-0,059;-0,0343;-0,0389;-0,0082;0,8165;-0,0706;-0,1188;-0,0238;-0,0185;-0,0322;-0,0211;0,3356;-0,2175;-0,2055;-0,0395;-0,0489;1,2072;-0,0294;-0,0392;-0,0349;0,8732;1,678;0,2769;-0,2701;-0,0793;1,0811
"culture";20;-0,2252;-0,092;-0,1918;-0,0868;-0,1338;0,5979;0,4866;0,9831;0,2707;-0,4437;-0,1428;1,3661;-0,0519;-0,0501;-0,2364;-0,0674;0,4019;-0,064;-0,0394;-0,0984;-0,0572;-0,0648;-0,0137;-0,1198;-0,1177;-0,198;-0,0396;1,1633;-0,0536;-0,0352;-0,4484;0,7076;-0,3425;-0,0658;-0,0815;-0,0464;-0,049;-0,0653;-0,0582;0,5325;-0,1667;-0,1838;-0,1355;-0,1322;-0,0627
"appuyer";26;0,8469;-0,1196;-0,2493;-0,1129;-0,174;-0,1643;-0,2229;0,6774;0,1995;1,2992;1,3564;-0,4577;-0,0674;-0,0651;-0,3073;-0,0876;0,3176;-0,0832;-0,0513;-0,1279;-0,0744;-0,0843;-0,0178;-0,1558;-0,153;-0,2574;-0,0515;-0,0402;-0,0697;-0,0458;-0,5829;-0,4714;1,7728;-0,0855;-0,1059;-0,0603;-0,0637;-0,0849;-0,0756;0,3849;-0,2167;0,324;-0,5854;-0,1719;-0,0815
"propre";19;-0,2139;-0,0874;1,1956;-0,0825;0,5955;0,6171;0,5048;0,2763;0,2857;-0,9223;-0,4417;0,27;-0,0493;-0,0476;-0,2246;-0,064;0,4191;-0,0608;-0,0375;-0,0934;-0,0543;-0,0616;-0,013;-0,1138;-0,1118;-0,1881;-0,0376;1,1848;-0,051;-0,0335;1,1708;-0,3444;-0,3254;-0,0625;-0,0774;-0,0441;0,9933;-0,062;-0,0553;-0,1385;-0,1584;-0,5171;1,1666;-0,1256;-0,0596
"décrire";20;-0,2252;-0,092;-0,1918;-0,0868;-0,1338;-0,1263;-0,1714;0,9831;0,7623;0,4488;-0,1428;0,2554;-0,0519;-0,0501;-0,2364;-0,0674;1,0568;-0,064;-0,0394;0,6932;-0,0572;-0,0648;-0,0137;-0,1198;-0,1177;-0,198;-0,0396;-0,0309;-0,0536;-0,0352;-0,4484;-0,3626;-0,3425;-0,0658;0,7668;-0,0464;-0,049;-0,0653;-0,0582;1,6913;-0,1667;-0,5443;-0,1355;-0,1322;-0,0627
"où";88;0,724;-0,4052;-0,8444;0,2326;0,4087;0,4395;1,5331;-0,5298;-0,4546;-1,8811;-0,8053;0,5663;0,3883;1,0388;0,6747;0,3054;1,6416;0,3212;-0,1736;0,1999;-0,2519;-0,2853;-0,0602;-0,5276;0,9363;1,3101;-0,1743;-0,136;-0,2362;0,5222;1,1234;-1,5963;-0,8505;0,3128;-0,3588;-0,2042;-0,2156;0,315;1,6713;0,2867;-0,7339;-0,4257;-0,2673;-0,2107;1,5876
"entendre";30;0,7484;-0,1381;-0,2877;0,5864;0,4316;0,4514;-0,2572;-1,2503;-0,5005;1,0433;0,3296;-0,1776;-0,0778;-0,0751;-0,3546;-0,1011;0,7662;-0,096;-0,0592;0,5405;-0,0858;-0,0972;-0,0205;0,4699;-0,1766;-0,2971;-0,0594;-0,0463;-0,0805;-0,0529;-0,2594;1,4852;-0,17;-0,0987;-0,1222;-0,0696;-0,0735;-0,0979;-0,0873;0,6617;-0,2501;0,2586;-0,261;-0,1983;-0,0941
"y";162;-0,3952;0,292;-0,5079;-0,284;-0,2607;-0,2329;1,8311;1,8963;1,3612;-1,4216;0,4717;0,5008;0,2073;-0,4063;-0,4379;1,4252;1,2939;0,4766;-0,3199;-0,7978;-0,1473;-0,5256;-0,1108;-0,9719;-0,4473;-0,9297;-0,3212;-0,2506;1,1026;-0,2859;0,3677;-0,2965;0,7524;-0,5335;0,7133;-0,3762;-0,3971;-0,1821;-0,4718;-1,2246;-1,352;0,2797;-0,2468;0,3531;0,4881
"longtemps";12;0,5729;-0,0552;-0,1151;-0,0521;-0,0803;-0,0758;-0,1029;1,7212;0,4326;-0,5824;-0,279;-0,2112;-0,0311;-0,0301;-0,1418;-0,0404;0,5828;-0,0384;-0,0237;-0,059;-0,0343;-0,0389;-0,0082;-0,0719;-0,0706;-0,1188;-0,0238;-0,0185;-0,0322;-0,0211;-0,269;-0,2175;1,1178;-0,0395;-0,0489;-0,0278;-0,0294;-0,0392;-0,0349;0,3138;-0,1;0,2769;0,3343;-0,0793;-0,0376
"mieux";19;-0,2139;-0,0874;0,4652;-0,0825;-0,1272;-0,12;1,2809;1,049;0,2857;-0,4107;0,1949;0,27;-0,0493;-0,0476;-0,2246;-0,064;0,4191;-0,0608;-0,0375;-0,0934;-0,0543;-0,0616;-0,013;-0,1138;-0,1118;-0,1881;-0,0376;-0,0293;-0,051;-0,0335;-0,426;-0,3444;-0,3254;-0,0625;-0,0774;-0,0441;-0,0465;-0,062;-0,0553;0,5637;-0,1584;0,4917;0,6039;0,6001;-0,0596
"garder";15;0,4919;-0,069;-0,1438;-0,0651;0,6854;0,7077;-0,1286;0,3929;0,3586;-0,285;-0,3487;-0,264;-0,0389;-0,0376;-0,1773;-0,0505;0,5014;-0,048;-0,0296;-0,0738;-0,0429;0,9752;-0,0102;-0,0899;-0,0883;-0,1485;-0,0297;-0,0232;-0,0402;-0,0264;1,4348;-0,2719;0,3502;-0,0493;0,8818;-0,0348;-0,0367;-0,049;-0,0436;0,2485;-0,125;-0,4082;-0,3377;-0,0992;-0,047
"comprendre";36;-0,4054;-0,1657;-0,3453;-0,1563;0,3708;0,3897;0,807;1,8427;1,3422;-0,3345;-0,8371;-0,6337;-0,0934;-0,0902;-0,4256;-0,1213;0,646;-0,1152;-0,071;-0,1771;-0,103;-0,1167;-0,0246;-0,2157;-0,2119;-0,3565;-0,0713;-0,0556;-0,0966;-0,0634;-0,3436;0,3605;0,7919;-0,1184;-0,1467;-0,0835;-0,0881;0,625;-0,1047;0,2331;-0,3001;0,4258;0,564;-0,238;-0,1129
"appartenir";11;-0,1238;-0,0506;-0,1055;-0,0478;0,8071;0,8302;-0,0943;-0,4583;-0,1835;0,4854;0,9614;1,1653;-0,0285;-0,0275;-0,13;-0,0371;0,6154;-0,0352;-0,0217;-0,0541;-0,0315;-0,0356;-0,0075;-0,0659;-0,0647;-0,1089;-0,0218;-0,017;-0,0295;-0,0194;-0,2466;-0,1994;-0,1884;-0,0362;-0,0448;-0,0255;-0,0269;-0,0359;-0,032;0,3408;-0,0917;-0,2993;0,3619;-0,0727;-0,0345
"tant";27;0,2981;-0,1243;0,9321;-0,1172;-0,1807;-0,1706;0,3839;-0,263;-0,1371;0,2559;0,3826;-0,4753;-0,07;0,841;-0,3191;-0,091;0,8388;0,7438;-0,0532;-0,1328;-0,0772;-0,0875;-0,0184;-0,1618;0,5136;-0,2673;-0,0535;-0,0417;0,8136;-0,0476;-0,6054;-0,4895;-0,143;1,7547;-0,11;-0,0626;-0,0661;-0,0881;0,7814;-0,245;0,3932;-0,7349;0,8133;-0,1785;-0,0847
"essayer";19;0,4101;-0,0874;-0,1822;-0,0825;-0,1272;-0,12;-0,1629;1,049;0,7977;-0,1711;0,1949;0,27;-0,0493;-0,0476;-0,2246;-0,064;0,4191;-0,0608;-0,0375;-0,0934;-0,0543;-0,0616;-0,013;-0,1138;-0,1118;-0,1881;-0,0376;-0,0293;-0,051;-0,0335;-0,426;-0,3444;0,278;-0,0625;-0,0774;-0,0441;-0,0465;0,8759;-0,0553;-0,457;0,5149;1,5976;-0,4277;-0,1256;-0,0596
"petit";32;0,2489;-0,1473;-0,3069;-0,139;1,8961;1,9628;-0,2743;-1,3336;-0,5339;-0,4843;0,299;-0,5633;-0,083;-0,0802;0,6741;1,5958;0,7228;0,6777;-0,0631;-0,1574;-0,0915;-0,1037;-0,0219;1,1489;-0,1884;-0,3169;-0,0634;-0,0494;-0,0858;-0,0564;-0,7175;-0,5802;0,453;-0,1053;-0,1304;-0,0742;-0,0783;-0,1045;-0,0931;-0,7698;-0,2667;1,9373;1,1196;-0,2116;-0,1003
"tout";130;-0,2414;-0,2208;-0,3392;-0,565;-0,8709;-0,8221;-0,5595;0,5212;0,4368;-0,3123;-0,3184;0,3839;0,2674;-0,3259;-0,4967;-0,4385;1,3498;0,21;0,3505;1,2227;0,2399;-0,4217;-0,0889;-0,7797;1,0035;-1,2885;-0,2577;-0,201;-0,3491;0,387;1,1954;0,3564;-0,5924;-0,428;-0,5302;-0,3018;-0,3186;1,7742;-0,3785;0,5727;0,3468;0,2705;0,9119;-0,3834;0,2153
"sembler";35;-0,3941;-0,1611;-0,3357;-0,152;1,0007;1,0425;0,302;0,3981;0,418;0,7982;0,259;-0,6161;-0,0908;-0,0877;0,2116;-0,118;0,2316;-0,112;-0,069;0,4851;-0,1001;-0,1134;-0,0239;0,4168;0,4228;-0,3466;-0,0693;-0,0541;0,7112;-0,0617;-0,3292;-0,6346;-0,5995;-0,1151;-0,1426;-0,0812;-0,0857;-0,1143;-0,1018;-0,3657;-0,2918;0,7938;0,5866;0,384;-0,1097
"laquelle";17;0,448;-0,0782;-0,163;-0,0738;-0,1138;-0,1074;-0,1457;-0,7084;-0,2836;0,5764;0,6553;-0,2992;-0,0441;-0,0426;-0,2009;-0,0573;0,4573;-0,0544;-0,0335;-0,0836;-0,0486;-0,0551;-0,0116;-0,1019;1,6671;0,4931;-0,0337;-0,0263;-0,0456;1,1762;-0,3811;-0,3082;-0,2911;-0,0559;-0,0693;-0,0394;-0,0416;0,921;-0,0494;1,2195;0,5554;-0,1405;-0,3827;-0,1124;-0,0533
"là";54;-0,6082;0,3607;-0,518;-0,2345;0,248;0,2642;0,5455;-0,9292;-0,4075;-0,3127;0,5086;-0,1959;-0,1401;-0,1353;0,3693;0,4655;1,9585;-0,1728;-0,1065;0,3395;-0,1545;-0,175;-0,0369;-0,3237;0,784;-0,5348;-0,107;0,7575;0,5472;-0,0952;-0,3142;0,7479;0,4591;-0,1777;-0,2201;-0,1253;-0,1322;0,4766;-0,1571;-0,6889;-0,1391;0,3798;0,5372;-0,3571;1,2382
"peur";10;0,6414;-0,046;-0,0959;-0,0434;-0,0669;-0,0632;-0,0857;-0,4167;-0,1668;-0,1464;0,3825;-0,176;-0,0259;1,2515;0,623;-0,0337;0,6516;-0,032;-0,0197;-0,0492;-0,0286;-0,0324;-0,0068;-0,0599;-0,0589;-0,099;-0,0198;-0,0154;-0,0268;-0,0176;-0,2242;-0,1813;-0,1712;-0,0329;-0,0407;-0,0232;1,2612;-0,0326;-0,0291;0,3714;-0,0833;-0,2721;1,0573;-0,0661;-0,0313
"regard";12;-0,1351;-0,0552;-0,1151;-0,0521;1,8563;1,9036;-0,1029;0,5205;-0,2002;-0,5824;-0,279;-0,2112;-0,0311;-0,0301;-0,1418;-0,0404;0,5828;-0,0384;-0,0237;-0,059;-0,0343;-0,0389;-0,0082;-0,0719;-0,0706;-0,1188;-0,0238;-0,0185;-0,0322;-0,0211;0,3356;-0,2175;-0,2055;-0,0395;-0,0489;-0,0278;-0,0294;-0,0392;-0,0349;0,8732;0,6868;-0,3266;0,3343;-0,0793;-0,0376
"terre";18;0,4284;-0,0828;-0,1726;-0,0782;-0,1205;-0,1137;-0,1543;-0,7501;-0,3003;0,9398;1,1921;0,7991;-0,0467;-0,0451;0,412;-0,0607;0,4376;-0,0576;-0,0355;1,7648;-0,0515;-0,0583;-0,0123;-0,1078;-0,1059;-0,1782;-0,0356;-0,0278;-0,0483;-0,0317;0,2182;-0,3263;-0,3082;-0,0592;-0,0733;-0,0417;-0,0441;-0,0588;-0,0524;-0,433;-0,15;0,5237;0,2171;-0,119;-0,0564
"pourtant";26;-0,2927;-0,1196;-0,2493;-0,1129;-0,174;-0,1643;0,3964;1,5661;1,1369;0,277;-0,2189;-0,4577;-0,0674;-0,0651;0,8136;-0,0876;0,3176;-0,0832;-0,0513;-0,1279;-0,0744;-0,0843;-0,0178;-0,1558;-0,153;-0,2574;-0,0515;-0,0402;-0,0697;-0,0458;-0,2068;-0,4714;0,575;-0,0855;-0,1059;-0,0603;-0,0637;-0,0849;-0,0756;-0,2308;1,061;-0,2792;0,4194;-0,1719;-0,0815
"sorte";29;-0,3265;-0,1335;-0,2781;-0,1259;0,4432;0,4632;-0,2486;1,353;1,0245;0,4339;0,72;0,4936;-0,0752;-0,0726;-0,3428;-0,0977;0,2848;-0,0928;-0,0572;0,5529;-0,083;-0,094;-0,0198;-0,1738;-0,1707;-0,2872;-0,0574;1,0087;-0,0778;-0,0511;-0,6502;0,4769;-0,4967;-0,0954;-0,1182;-0,0673;-0,071;-0,0947;0,7532;-0,274;-0,2417;-0,7893;-0,6529;-0,1917;1,7346
"sauvage";10;-0,1126;-0,046;-0,0959;1,0217;0,8453;0,8685;-0,0857;-0,4167;-0,1668;-0,4854;-0,2325;-0,176;-0,0259;1,2515;-0,1182;-0,0337;0,6516;-0,032;-0,0197;-0,0492;-0,0286;-0,0324;-0,0068;-0,0599;-0,0589;-0,099;-0,0198;1,4567;-0,0268;-0,0176;0,3945;-0,1813;-0,1712;-0,0329;-0,0407;-0,0232;1,2612;-0,0326;-0,0291;0,3714;-0,0833;-0,2721;0,3931;-0,0661;-0,0313
"si";128;0,382;-0,5896;0,8263;-0,5563;0,5064;0,5498;-0,2659;1,903;0,68;-0,4016;0,2984;-0,3746;0,2719;0,282;1,6483;-0,4318;-0,4218;-0,41;-0,2527;-0,2391;0,2442;-0,4152;-0,0875;-0,3233;-0,7541;-0,6711;-0,2537;1,964;-0,3437;-0,2258;-1,9807;1,4259;0,4263;-0,4214;-0,1778;-0,2971;-0,3137;0,6041;-0,3727;-0,3359;0,6443;-0,3175;-1,991;0,2381;0,6291
"population";18;-0,2027;-0,0828;0,4842;-0,0782;-0,1205;-0,1137;-0,1543;0,3012;0,3018;0,9398;0,2087;-0,3168;-0,0467;-0,0451;1,081;-0,0607;0,4376;-0,0576;-0,0355;-0,0885;-0,0515;-0,0583;-0,0123;-0,1078;-0,1059;-0,1782;-0,0356;-0,0278;-0,0483;-0,0317;0,6411;-0,3263;-0,3082;-0,0592;-0,0733;1,0379;-0,0441;-0,0588;-0,0524;-0,433;-0,15;-0,1546;0,6385;-0,119;-0,0564
"savoir";56;1,2595;-0,2578;0,4603;-0,2432;0,6755;0,7128;0,524;-0,9863;-0,4301;-0,5514;0,4763;-0,986;-0,1453;-0,1403;-0,2562;0,4528;1,2936;-0,1792;-0,1105;1,5962;1,2803;-0,1815;-0,0383;-0,3356;-0,3297;-0,5546;-0,1109;-0,0865;0,5339;-0,0987;-1,2559;-0,2238;0,4333;-0,1842;0,3885;-0,1299;-0,1371;-0,1829;-0,1629;1,521;0,5405;0,352;-0,3396;-0,3703;-0,1756
"temps";72;-0,811;-0,3315;-0,2742;-0,3128;0,5206;1,0642;-0,6175;-0,2937;-0,3124;0,6438;0,2832;-0,6679;-0,1868;0,4686;0,5159;-0,2427;-0,3359;-0,2305;-0,142;-0,3543;0,4228;-0,2334;-0,0492;-0,4316;-0,424;-0,288;-0,1426;-0,1113;-0,1932;-0,1269;0,5291;1,5585;0,2754;-0,2369;0,8369;-0,167;-0,1763;0,993;-0,2095;0,2616;0,3996;1,1547;-0,5395;-0,1528;-0,2258
"continuer";14;0,5166;-0,0644;-0,1342;-0,0608;-0,0937;-0,0884;0,6172;0,4306;0,381;-0,6795;-0,3255;-0,2464;1,0958;-0,0351;-0,1655;-0,0472;0,5263;-0,0448;-0,0276;-0,0689;-0,04;-0,0454;-0,0096;0,7554;-0,0824;-0,1386;-0,0277;-0,0216;-0,0376;-0,0247;0,2886;-0,2538;-0,2397;0,9975;-0,057;-0,0325;-0,0343;1,0005;-0,0407;0,268;-0,1167;-0,381;0,2873;0,7169;-0,0439
"provoquer";15;-0,1689;1,9735;-0,1438;-0,0651;-0,1004;-0,0948;-0,1286;-0,625;-0,2502;1,1815;-0,3487;0,3415;-0,0389;-0,0376;-0,1773;-0,0505;1,2792;-0,048;-0,0296;-0,0738;-0,0429;-0,0486;-0,0102;-0,0899;-0,0883;-0,1485;-0,0297;-0,0232;-0,0402;-0,0264;0,2684;0,9086;-0,2569;-0,0493;-0,0611;-0,0348;-0,0367;0,9721;-0,0436;-0,3608;-0,125;0,2151;0,2672;-0,0992;-0,047
"destruction";10;-0,1126;-0,046;-0,0959;-0,0434;-0,0669;-0,0632;-0,0857;-0,4167;-0,1668;0,5434;0,3825;-0,176;-0,0259;-0,025;-0,1182;-0,0337;0,6516;-0,032;-0,0197;-0,0492;-0,0286;-0,0324;-0,0068;-0,0599;-0,0589;-0,099;-0,0198;-0,0154;-0,0268;-0,0176;1,0603;-0,1813;-0,1712;-0,0329;-0,0407;1,2841;-0,0245;1,1402;-0,0291;-0,2405;-0,0833;0,332;0,3931;-0,0661;-0,0313
"prendre";90;-0,2261;-0,4144;-0,3847;0,6468;0,3969;0,4273;-0,3253;-0,5635;-0,4735;1,2995;-0,3073;-0,5208;0,3809;-0,2256;0,3605;0,8132;-0,4682;-0,2882;1,1999;-0,4429;0,9271;-0,2918;-0,0615;-0,187;0,9149;-0,4033;-0,1783;-0,1391;-0,2416;1,2856;0,3226;0,2971;0,3363;-0,2962;-0,3669;-0,2088;-0,2205;-0,294;-0,262;0,9509;1,0328;-1,0776;-0,4844;0,8083;-0,2823
"créer";19;-0,2139;-0,0874;0,4652;-0,0825;0,5955;0,6171;-0,1629;-0,7917;-0,317;-0,4107;-0,4417;0,27;-0,0493;-0,0476;-0,2246;-0,064;1,9545;-0,0608;-0,0375;-0,0934;-0,0543;-0,0616;-0,013;-0,1138;-0,1118;-0,1881;-0,0376;-0,0293;-0,051;-0,0335;-0,426;-0,3444;1,4536;0,8729;-0,0774;-0,0441;-0,0465;-0,062;-0,0553;0,5637;1,3024;-0,169;0,2031;0,6001;-0,0596
"occuper";11;-0,1238;-0,0506;-0,1055;-0,0478;-0,0736;-0,0695;-0,0943;-0,4583;-0,1835;0,4854;0,3516;-0,1936;-0,0285;-0,0275;-0,13;-0,0371;1,5317;-0,0352;-0,0217;0,9314;-0,0315;-0,0356;-0,0075;-0,0659;-0,0647;0,6541;-0,0218;-0,017;-0,0295;-0,0194;1,8104;-0,1994;-0,1884;-0,0362;-0,0448;-0,0255;-0,0269;-0,0359;-0,032;-0,2646;-0,0917;0,3027;-0,2476;-0,0727;-0,0345
"position";13;-0,1464;-0,0598;0,6029;-0,0564;-0,087;-0,0821;0,6453;-0,5417;-0,2169;-0,631;-0,3022;-0,2288;-0,0337;-0,0326;-0,1536;-0,0438;1,3942;-0,0416;-0,0256;0,8636;1,0859;-0,0421;-0,0089;-0,0779;-0,0765;1,474;-0,0257;-0,0201;-0,0349;-0,0229;-0,2914;-0,2357;1,909;-0,0428;-0,053;-0,0301;-0,0318;-0,0424;-0,0378;-0,3127;0,656;-0,3538;0,3096;-0,0859;-0,0408
"différent";19;0,4101;-0,0874;-0,1822;-0,0825;-0,1272;-0,12;-0,1629;1,049;0,2857;-0,1711;-0,4417;0,27;-0,0493;-0,0476;1,0403;-0,064;0,4191;0,884;-0,0375;-0,0934;-0,0543;-0,0616;-0,013;-0,1138;-0,1118;-0,1881;-0,0376;1,1848;-0,051;-0,0335;-0,426;-0,3444;-0,3254;-0,0625;0,7871;-0,0441;-0,0465;-0,062;0,9227;-0,457;-0,1584;-0,5171;0,6039;-0,1256;0,8922
"permettre";49;1,4386;-0,2255;-0,47;1,0678;-0,328;-0,3096;-0,4201;0,5383;0,2552;-0,2346;-0,2788;0,2332;-0,1271;-0,1228;-0,5793;0,4998;0,9106;-0,1568;-0,0966;-0,2411;-0,1402;-0,1588;-0,0335;-0,2937;0,314;-0,1567;-0,097;-0,0757;-0,1315;0,7439;0,3465;-0,1701;0,5315;-0,1612;0,4334;-0,1137;-0,12;1,2822;-0,1426;-0,6001;-0,4085;0,2378;-0,262;0,2792;0,5258
"forme";22;0,3618;-0,1012;-0,211;-0,0955;-0,1472;-0,139;-0,1886;1,9189;0,6982;-0,2333;-0,1671;-0,3872;0,9097;-0,0551;1,6922;-0,0741;0,3705;-0,0704;-0,0434;-0,1082;-0,0629;-0,0713;-0,015;-0,1318;-0,1295;-0,2178;-0,0436;1,1234;-0,059;-0,0388;-0,4932;-0,3988;-0,3768;-0,0724;-0,0896;-0,051;-0,0539;-0,0718;0,8633;-0,1764;-0,1834;0,4094;-0,4953;-0,1454;-0,069
"fois";75;0,2402;-0,3453;-0,7195;-0,3258;0,968;0,5303;-0,2458;0,8376;0,5045;1,0239;0,7075;-0,7074;-0,1946;-0,1879;-0,172;-0,2529;-0,3573;-0,2401;-0,148;0,2422;-0,2146;-0,2431;-0,0513;-0,4496;-0,1353;-0,743;-0,1486;0,6304;-0,2013;-0,1322;0,2797;0,4344;-0,3547;0,363;-0,3057;-0,174;-0,1837;0,3654;-0,2183;-0,2071;-0,2354;-0,7995;0,75;0,504;0,3786
"lorsqu";16;0,4691;-0,0736;-0,1534;0,8303;-0,1071;-0,1011;-0,1371;0,3591;0,3381;0,2871;0,2401;0,3214;-0,0415;-0,0401;1,1714;-0,0539;0,4785;-0,0512;-0,0315;-0,0787;-0,0458;-0,0518;-0,0109;-0,0959;-0,0942;-0,1584;-0,0317;-0,0247;-0,0429;-0,0282;-0,3587;-0,29;-0,274;-0,0526;-0,0652;-0,0371;1,0643;-0,0522;-0,0465;0,2308;-0,1334;-0,4354;0,249;0,6652;-0,0502
"mes";17;0,448;-0,0782;-0,163;-0,0738;-0,1138;-0,1074;0,5451;1,1981;0,8762;-0,3465;-0,3952;-0,2992;-0,0441;-0,0426;-0,2009;-0,0573;0,4573;-0,0544;-0,0335;-0,0836;-0,0486;-0,0551;-0,0116;-0,1019;-0,1001;-0,1683;-0,0337;-0,0263;-0,0456;-0,03;0,2334;-0,3082;-0,2911;-0,0559;0,8315;-0,0394;-0,0416;0,921;-0,0494;0,6339;-0,1417;-0,4626;-0,3827;1,574;-0,0533
"aller";58;0,3575;-0,267;-0,5564;-0,2519;-0,3883;-0,3665;0,5035;0,8031;0,7581;-1,3247;-1,3489;0,391;1,3284;-0,1453;1,1532;1,1295;-0,2409;-0,1857;-0,1144;-0,2854;0,4981;-0,188;-0,0396;-0,3476;-0,3415;-0,5745;-0,1149;1,7402;0,5212;0,6783;1,5877;-1,0518;-0,4705;-0,1908;0,9902;-0,1345;-0,142;-0,1894;0,4922;1,0401;-0,4836;-0,2772;-1,3062;0,2317;1,1836
"t";37;0,2098;0,489;0,2532;-0,1607;-0,2477;-0,2338;-0,3172;-0,4818;-0,6173;0,2523;-0,3781;0,3614;-0,096;-0,0927;1,1165;-0,1247;0,2168;0,6223;-0,073;0,4655;0,665;-0,1199;-0,0253;0,3981;-0,2178;1,2982;-0,0733;-0,0572;-0,0993;-0,0652;-0,3582;0,3469;-0,6337;0,6119;-0,1508;-0,0858;-0,0906;0,6147;-0,1076;-0,8902;0,2938;1,6397;0,2488;-0,2446;-0,116
"naître";29;-0,3265;-0,1335;-0,2781;-0,1259;0,4432;0,4632;-0,2486;-0,3032;-0,1542;-0,1994;0,72;-0,1681;-0,0752;-0,0726;0,2629;-0,0977;1,4576;-0,0928;-0,0572;-0,1426;-0,083;-0,094;1,3507;-0,1738;1,2379;-0,2872;-0,0574;-0,0448;0,7851;-0,0511;0,7513;-0,5258;-0,4967;-0,0954;-0,1182;-0,0673;-0,071;-0,0947;0,7532;1,1657;-0,2417;-0,7893;-0,2475;-0,1917;-0,0909
"côté";40;0,5639;-0,1841;-0,3836;-0,1737;-0,2677;-0,2527;0,7356;1,5787;0,3489;-0,7205;-0,1849;-0,7042;-0,1038;-0,1002;-0,4729;0,5737;0,1967;-0,128;-0,0789;0,4385;-0,1144;0,5883;-0,0273;-0,2397;-0,2355;0,2231;-0,0792;-0,0618;-0,1073;-0,0705;-0,1718;-0,7253;0,3362;0,5827;-0,163;-0,0928;-0,0979;-0,1306;-0,1164;-0,9624;0,2709;0,3551;1,8389;0,9129;-0,1254
"inviter";11;-0,1238;-0,0506;1,6385;-0,0478;0,8071;0,8302;-0,0943;-0,4583;-0,1835;-0,5339;-0,2557;-0,1936;-0,0285;-0,0275;-0,13;-0,0371;0,6154;-0,0352;-0,0217;-0,0541;1,1557;-0,0356;-0,0075;-0,0659;0,8586;-0,1089;-0,0218;-0,017;-0,0295;-0,0194;-0,2466;-0,1994;-0,1884;1,0974;1,0086;-0,0255;-0,0269;-0,0359;-0,032;-0,2646;-0,0917;-0,2993;0,3619;0,812;-0,0345
"ses";154;0,692;-0,2871;-1,4786;-0,6695;0,3776;-0,2105;1,0831;-1,9794;-1,1708;1,0491;0,9679;-0,3731;-0,3999;0,6536;-1,1015;0,4761;-0,3341;-0,4934;-0,3041;0,5999;-0,441;-0,1659;-0,1053;-0,4262;0,4645;-0,4911;-0,3053;0,3746;-0,4136;0,3325;1,9541;-0,2533;-0,8246;0,4898;-0,6282;-0,3576;1,2477;-0,5034;-0,4485;0,4975;-0,3591;-0,7754;1,9393;0,3855;1,5919
"devenir";79;-0,1734;-0,3637;-0,7579;-0,3432;-0,529;-0,4994;0,6969;1,2596;0,7512;0,4908;-0,3924;-0,2105;-0,205;-0,198;0,4481;-0,2664;0,2299;-0,2529;-0,1559;-0,3888;-0,2261;-0,2561;-0,054;-0,1516;-0,4652;-0,3317;-0,1565;-0,1221;-0,212;-0,1393;-1,7721;1,813;-1,3536;-0,26;0,281;-0,1833;0,4443;1,6641;1,0089;0,3743;-0,6588;1,3023;0,2443;-0,5225;0,3617
"pourquoi";19;-0,2139;-0,0874;-0,1822;-0,0825;-0,1272;-0,12;-0,1629;1,049;0,7977;-0,9223;-0,4417;0,7617;-0,0493;-0,0476;0,3939;-0,064;1,9545;-0,0608;-0,0375;-0,0934;0,9295;-0,0616;-0,013;-0,1138;-0,1118;-0,1881;-0,0376;-0,0293;-0,051;1,1296;-0,426;0,7422;-0,3254;-0,0625;-0,0774;-0,0441;-0,0465;-0,062;-0,0553;-0,1385;0,5149;-0,169;-0,4277;-0,1256;-0,0596
"situer";13;-0,1464;-0,0598;-0,1246;-0,0564;-0,087;-0,0821;-0,1114;1,5936;0,4055;0,8198;0,839;-0,2288;-0,0337;-0,0326;-0,1536;-0,0438;0,5533;-0,0416;-0,0256;-0,0639;-0,0372;-0,0421;-0,0089;-0,0779;-0,0765;0,591;-0,0257;-0,0201;-0,0349;-0,0229;0,3108;-0,2357;-0,2226;-0,0428;-0,053;-0,0301;-0,0318;-0,0424;-0,0378;-0,3127;-0,1083;-0,3538;-0,2926;-0,0859;-0,0408
"futur";11;-0,1238;-0,0506;-0,1055;-0,0478;0,8071;0,8302;-0,0943;-0,4583;-0,1835;-0,5339;-0,2557;-0,1936;-0,0285;-0,0275;-0,13;-0,0371;0,6154;-0,0352;-0,0217;-0,0541;-0,0315;-0,0356;-0,0075;-0,0659;-0,0647;-0,1089;-0,0218;1,4161;-0,0295;-0,0194;0,3633;-0,1994;-0,1884;-0,0362;1,0086;-0,0255;-0,0269;-0,0359;-0,032;-0,2646;1,7517;0,8509;0,3619;-0,0727;-0,0345
"classe";10;-0,1126;-0,046;-0,0959;-0,0434;-0,0669;-0,0632;-0,0857;0,6363;-0,1668;-0,4854;0,3825;-0,176;-0,0259;-0,025;-0,1182;1,127;0,6516;-0,032;-0,0197;-0,0492;-0,0286;-0,0324;-0,0068;-0,0599;-0,0589;-0,099;-0,0198;-0,0154;-0,0268;1,4005;-0,2242;1,2188;-0,1712;-0,0329;-0,0407;-0,0232;-0,0245;-0,0326;-0,0291;0,3714;-0,0833;-0,2721;-0,2251;0,8502;-0,0313
"construire";15;-0,1689;-0,069;-0,1438;-0,0651;-0,1004;-0,0948;-0,1286;0,3929;0,3586;1,1815;1,3959;-0,264;-0,0389;-0,0376;-0,1773;-0,0505;0,5014;-0,048;-0,0296;-0,0738;-0,0429;-0,0486;-0,0102;-0,0899;-0,0883;-0,1485;-0,0297;-0,0232;1,0532;-0,0264;-0,3363;-0,2719;-0,2569;-0,0493;-0,0611;-0,0348;-0,0367;-0,049;-0,0436;-0,3608;-0,125;0,6376;0,2672;-0,0992;-0,047
"encore";54;-0,2245;-0,2486;-0,518;0,9963;-0,3615;-0,3413;0,5455;0,4285;-0,1758;-0,3127;-0,3365;0,779;-0,1401;-0,1353;0,7529;0,4655;-0,2153;-0,1728;-0,1065;-0,2657;-0,1545;-0,175;-0,0369;-0,3237;0,2848;-0,5348;-0,107;-0,0834;0,5472;-0,0952;0,5409;1,6489;-0,925;-0,1777;0,4006;-0,1253;-0,1322;0,4766;-0,1571;0,4792;-0,1391;-0,4494;-0,3167;0,7071;-0,1693
"mener";27;0,2981;-0,1243;-0,2589;-0,1172;0,468;0,4884;-0,2315;0,6378;-0,4505;0,2559;-0,2324;1,0446;-0,07;-0,0676;-0,3191;-0,091;0,3061;-0,0864;-0,0532;-0,1328;-0,0772;-0,0875;-0,0184;0,5072;-0,1589;-0,2673;-0,0535;-0,0417;-0,0724;-0,0476;0,817;0,5185;0,5519;-0,0888;1,5821;-0,0626;-0,0661;-0,0881;-0,0785;-0,245;-0,2251;-0,7349;-0,221;-0,1785;-0,0847
"étudier";11;-0,1238;-0,0506;-0,1055;-0,0478;-0,0736;-0,0695;-0,0943;1,8652;1,2057;0,4854;0,3516;-0,1936;-0,0285;-0,0275;-0,13;-0,0371;0,6154;-0,0352;-0,0217;-0,0541;-0,0315;-0,0356;-0,0075;-0,0659;-0,0647;-0,1089;-0,0218;-0,017;-0,0295;-0,0194;-0,2466;-0,1994;-0,1884;-0,0362;-0,0448;-0,0255;1,221;-0,0359;-0,032;-0,2646;-0,0917;-0,2993;-0,2476;-0,0727;-0,0345
"assez";13;-0,1464;-0,0598;-0,1246;-0,0564;-0,087;-0,0821;-0,1114;0,4729;0,4055;0,8198;0,2998;-0,2288;-0,0337;-0,0326;-0,1536;-0,0438;0,5533;-0,0416;-0,0256;-0,0639;-0,0372;-0,0421;-0,0089;-0,0779;0,7918;-0,1287;1,24;-0,0201;-0,0349;-0,0229;-0,2914;-0,2357;0,3968;-0,0428;-0,053;-0,0301;-0,0318;-0,0424;1,0789;-0,3127;-0,1083;-0,3538;0,3096;-0,0859;-0,0408
"traverser";10;-0,1126;-0,046;-0,0959;-0,0434;0,8453;0,8685;-0,0857;-0,4167;-0,1668;-0,1464;-0,2325;-0,176;-0,0259;-0,025;-0,1182;-0,0337;0,6516;-0,032;-0,0197;-0,0492;-0,0286;-0,0324;-0,0068;-0,0599;-0,0589;-0,099;-0,0198;-0,0154;-0,0268;-0,0176;1,0603;-0,1813;-0,1712;-0,0329;-0,0407;-0,0232;-0,0245;-0,0326;-0,0291;-0,2405;-0,0833;0,332;1,9275;-0,0661;-0,0313
"groupe";18;0,4284;-0,0828;0,4842;-0,0782;-0,1205;-0,1137;1,3236;0,3012;0,3018;-0,8737;-0,4185;0,2858;-0,0467;-0,0451;1,081;-0,0607;1,1369;-0,0576;-0,0355;-0,0885;-0,0515;-0,0583;-0,0123;-0,1078;-0,1059;0,4729;-0,0356;-0,0278;-0,0483;-0,0317;0,2182;-0,3263;-0,3082;-0,0592;-0,0733;-0,0417;-0,0441;-0,0588;-0,0524;-0,433;-0,15;1,0347;0,2171;-0,119;-0,0564
"territoire";12;0,5729;-0,0552;-0,1151;-0,0521;-0,0803;-0,0758;-0,1029;-0,5;-0,2002;-0,1988;-0,279;-0,2112;-0,0311;-0,0301;1,4006;-0,0404;0,5828;-0,0384;-0,0237;-0,059;-0,0343;-0,0389;-0,0082;-0,0719;0,8237;0,621;-0,0238;-0,0185;-0,0322;-0,0211;1,7018;-0,2175;-0,2055;-0,0395;-0,0489;-0,0278;-0,0294;1,0643;-0,0349;-0,2886;-0,1;0,2769;-0,2701;-0,0793;-0,0376
"rien";34;-0,3828;-0,1565;0,7706;-0,1476;-0,2276;-0,2148;-0,2915;-0,4119;-0,1995;0,3091;0,2716;-0,2171;0,7357;-0,0852;0,6351;0,6347;0,2395;-0,1088;0,8445;-0,1672;-0,0973;-0,1102;-0,0232;-0,2037;-0,2001;-0,3367;-0,0673;-0,0525;-0,0912;-0,0599;-0,3149;-0,6164;-0,2079;-0,1118;-0,1385;-0,0789;-0,0832;0,6467;-0,0989;0,9651;0,3194;1,2773;0,2858;0,3936;-0,1066
"jouer";12;-0,1351;-0,0552;0,6331;-0,0521;-0,0803;-0,0758;-0,1029;0,5205;0,4326;-0,1988;-0,279;-0,2112;-0,0311;-0,0301;-0,1418;-0,0404;0,5828;-0,0384;-0,0237;0,896;-0,0343;1,0673;-0,0082;0,8165;1,9619;-0,1188;-0,0238;-0,0185;-0,0322;-0,0211;-0,269;-0,2175;0,4237;-0,0395;-0,0489;-0,0278;-0,0294;-0,0392;-0,0349;-0,2886;-0,1;-0,3266;-0,2701;-0,0793;-0,0376
"rupture";10;0,6414;-0,046;-0,0959;-0,0434;-0,0669;-0,0632;-0,0857;-0,4167;-0,1668;1,0949;1,0338;-0,176;-0,0259;-0,025;-0,1182;-0,0337;-0,1096;-0,032;-0,0197;-0,0492;-0,0286;-0,0324;-0,0068;-0,0599;-0,0589;-0,099;-0,0198;-0,0154;-0,0268;-0,0176;0,3945;1,2188;-0,1712;-0,0329;-0,0407;-0,0232;-0,0245;-0,0326;-0,0291;-0,2405;-0,0833;0,332;-0,2251;-0,0661;-0,0313
"brutal";11;-0,1238;-0,0506;-0,1055;-0,0478;-0,0736;-0,0695;-0,0943;-0,4583;-0,1835;0,9908;1,7691;-0,1936;-0,0285;-0,0275;-0,13;-0,0371;-0,1206;-0,0352;-0,0217;-0,0541;-0,0315;-0,0356;-0,0075;-0,0659;-0,0647;-0,1089;-0,0218;-0,017;-0,0295;-0,0194;-0,2466;1,1432;-0,1884;-0,0362;-0,0448;-0,0255;-0,0269;-0,0359;-0,032;-0,2646;-0,0917;0,3027;0,9845;-0,0727;-0,0345
"ici";22;0,3618;-0,1012;-0,211;0,7046;-0,1472;-0,139;-0,1886;0,866;0,2438;-0,2333;-0,1671;0,2291;-0,0571;-0,0551;-0,26;0,8043;-0,2412;-0,0704;-0,0434;-0,1082;-0,0629;-0,0713;-0,015;-0,1318;1,4562;-0,2178;-0,0436;-0,034;-0,059;-0,0388;-0,1576;-0,3988;-0,3768;0,814;-0,0896;-0,051;0,9332;-0,0718;-0,064;0,4765;-0,1834;-0,2144;-0,1587;0,5458;-0,069
"ou";170;-0,728;-0,7834;0,7715;-0,7392;0,5801;0,635;0,3713;1,661;0,958;-0,3318;0,405;0,8523;-0,4415;0,5919;1,7699;-0,5737;-1,8662;-0,5447;-0,3357;0,8985;0,513;-0,5516;-0,1163;-1,02;0,3964;0,7287;-0,3371;-0,2629;-0,4566;-0,3;-1,5833;-0,7655;0,671;0,4348;-0,6936;-0,3948;1,7992;-0,5557;-0,4952;-1,3436;-0,785;0,4712;-0,433;0,9347;-0,1844
"depuis";72;-0,811;0,2726;1,1382;0,7936;0,5206;0,5545;0,3851;-1,4673;-0,6193;-0,4551;-0,5706;-0,3456;-0,1868;-0,1804;1,3535;0,9702;-0,7897;1,0074;-0,142;-0,3543;-0,206;0,3812;-0,0492;0,5864;-0,424;0,655;-0,1426;-0,1113;-0,1932;-0,1269;-0,2949;-0,3651;1,2235;1,7616;0,3087;0,4958;0,4766;0,993;-0,2095;0,46;-0,2208;-1,9604;-0,9373;1,6254;0,392
"celle";35;1,224;-0,1611;-0,3357;-0,152;-0,2343;-0,2211;0,8265;-0,4348;-0,584;0,5096;0,9694;0,3899;-0,0908;0,738;-0,4137;-0,118;-0,3837;-0,112;-0,069;-0,1722;-0,1001;-0,1134;-0,0239;-0,2097;0,4228;-0,3466;-0,0693;-0,0541;0,7112;-0,0617;0,5899;-0,6346;-0,5995;0,6329;0,553;-0,0812;-0,0857;-0,1143;-0,1018;1,9886;-0,2918;-0,1926;-0,3312;-0,2314;-0,1097
"série";11;0,6054;-0,0506;-0,1055;-0,0478;-0,0736;-0,0695;0,7096;-0,4583;-0,1835;0,9908;0,9614;-0,1936;-0,0285;-0,0275;-0,13;-0,0371;-0,1206;-0,0352;1,3123;-0,0541;-0,0315;-0,0356;-0,0075;-0,0659;-0,0647;-0,1089;1,3106;-0,017;-0,0295;-0,0194;-0,2466;-0,1994;-0,1884;-0,0362;-0,0448;-0,0255;-0,0269;-0,0359;-0,032;0,3408;0,7206;-0,2993;-0,2476;-0,0727;-0,0345
"effondrement";11;-0,1238;-0,0506;-0,1055;-0,0478;-0,0736;-0,0695;-0,0943;0,5745;-0,1835;0,9908;0,9614;0,4441;-0,0285;-0,0275;0,5872;-0,0371;-0,1206;-0,0352;-0,0217;-0,0541;-0,0315;-0,0356;-0,0075;-0,0659;-0,0647;-0,1089;-0,0218;-0,017;-0,0295;-0,0194;-0,2466;1,1432;-0,1884;-0,0362;-0,0448;-0,0255;-0,0269;-0,0359;-0,032;-0,2646;-0,0917;-0,2993;-0,2476;-0,0727;-0,0345
"capitale";10;-0,1126;-0,046;0,7031;-0,0434;-0,0669;-0,0632;-0,0857;-0,4167;-0,1668;1,8092;1,0338;-0,176;-0,0259;-0,025;-0,1182;-0,0337;-0,1096;-0,032;-0,0197;-0,0492;-0,0286;-0,0324;-0,0068;-0,0599;-0,0589;-0,099;-0,0198;-0,0154;-0,0268;-0,0176;0,3945;-0,1813;-0,1712;-0,0329;1,048;-0,0232;-0,0245;-0,0326;-0,0291;-0,2405;-0,0833;-0,2721;0,3931;-0,0661;-0,0313
"presque";13;0,5435;-0,0598;-0,1246;-0,0564;-0,087;-0,0821;0,6453;-0,5417;-0,2169;1,3887;0,2998;-0,2288;-0,0337;-0,0326;-0,1536;1,018;-0,1425;1,0394;-0,0256;-0,0639;-0,0372;-0,0421;-0,0089;-0,0779;-0,0765;-0,1287;-0,0257;-0,0201;-0,0349;-0,0229;-0,2914;-0,2357;-0,2226;-0,0428;-0,053;-0,0301;-0,0318;-0,0424;-0,0378;-0,3127;-0,1083;0,7331;0,8612;-0,0859;-0,0408
"rendre";29;-0,3265;1,4282;1,6043;-0,1259;-0,1941;-0,1832;0,3607;-0,3032;-0,1542;0,4339;-0,2601;-0,5105;-0,0752;-0,0726;-0,3428;-0,0977;-0,3179;-0,0928;-0,0572;-0,1426;-0,083;0,7109;-0,0198;-0,1738;-0,1707;-0,2872;-0,0574;-0,0448;-0,0778;-0,0511;-0,2459;1,5335;-0,1608;0,7051;-0,1182;-0,0673;-0,071;-0,0947;-0,0844;-0,274;0,3697;0,2734;0,3621;-0,1917;0,7238
"représenter";12;-0,1351;-0,0552;-0,1151;-0,0521;-0,0803;-0,0758;-0,1029;-0,5;-0,2002;1,5114;1,661;0,4144;-0,0311;-0,0301;-0,1418;-0,0404;-0,1315;-0,0384;-0,0237;-0,059;-0,0343;-0,0389;-0,0082;-0,0719;-0,0706;-0,1188;-0,0238;-0,0185;-0,0322;-0,0211;-0,269;-0,2175;-0,2055;1,0612;-0,0489;-0,0278;-0,0294;-0,0392;-0,0349;0,3138;-0,1;0,2769;0,3343;-0,0793;-0,0376
"tel";13;-0,1464;-0,0598;1,4993;-0,0564;-0,087;-0,0821;-0,1114;0,4729;-0,2169;-0,2266;0,2998;0,3877;1,1267;-0,0326;-0,1536;-0,0438;-0,1425;-0,0416;-0,0256;-0,0639;-0,0372;-0,0421;-0,0089;-0,0779;-0,0765;-0,1287;-0,0257;-0,0201;-0,0349;-0,0229;-0,2914;-0,2357;1,0562;-0,0428;-0,053;-0,0301;-0,0318;-0,0424;-0,0378;0,8157;-0,1083;0,254;-0,2926;-0,0859;-0,0408
"lorsque";20;-0,2252;-0,092;-0,1918;-0,0868;-0,1338;-0,1263;-0,1714;0,2537;0,2707;0,4488;0,5526;-0,352;-0,0519;-0,0501;0,377;-0,0674;-0,2192;-0,064;-0,0394;-0,0984;-0,0572;-0,0648;-0,0137;-0,1198;-0,1177;-0,198;-0,0396;-0,0309;-0,0536;-0,0352;0,5744;-0,3626;-0,3425;-0,0658;-0,0815;-0,0464;-0,049;-0,0653;-0,0582;1,6913;1,262;0,4622;-0,1355;-0,1322;-0,0627
"centre";19;-0,2139;-0,0874;-0,1822;-0,0825;1,4734;1,519;-0,1629;-0,7917;-0,317;0,8731;1,134;-0,3344;-0,0493;-0,0476;-0,2246;0,8631;-0,2083;-0,0608;-0,0375;-0,0934;-0,0543;-0,0616;-0,013;-0,1138;-0,1118;-0,1881;-0,0376;-0,0293;-0,051;-0,0335;-0,426;-0,3444;0,7801;-0,0625;-0,0774;1,0156;-0,0465;-0,062;-0,0553;0,5637;-0,1584;-0,5171;-0,4277;1,4831;-0,0596
"certain";11;-0,1238;-0,0506;-0,1055;-0,0478;-0,0736;-0,0695;-0,0943;0,5745;0,4627;-0,172;0,3516;-0,1936;-0,0285;-0,0275;-0,13;-0,0371;-0,1206;-0,0352;-0,0217;0,9314;-0,0315;-0,0356;-0,0075;-0,0659;-0,0647;-0,1089;-0,0218;-0,017;-0,0295;-0,0194;0,3633;-0,1994;0,4536;-0,0362;-0,0448;-0,0255;-0,0269;-0,0359;-0,032;0,3408;-0,0917;0,8509;-0,2476;-0,0727;-0,0345
"trône";12;-0,1351;-0,0552;-0,1151;-0,0521;0,7726;0,7954;-0,1029;-0,5;-0,2002;0,8999;1,661;-0,2112;-0,0311;-0,0301;-0,1418;-0,0404;-0,1315;-0,0384;-0,0237;-0,059;-0,0343;-0,0389;-0,0082;-0,0719;0,8237;-0,1188;-0,0238;-0,0185;-0,0322;-0,0211;-0,269;-0,2175;-0,2055;-0,0395;-0,0489;-0,0278;-0,0294;-0,0392;-0,0349;-0,2886;-0,1;-0,3266;1,6971;-0,0793;-0,0376
"quelques";44;-0,4955;-0,2025;-0,422;0,4486;0,8373;0,8771;-0,3773;0,6756;0,3031;1,0569;0,3934;0,279;-0,1141;-0,1102;0,4796;0,5387;-0,4824;-0,1408;-0,0868;-0,2165;0,5993;-0,1426;-0,0301;-0,2637;-0,259;0,5832;0,7404;-0,068;-0,1181;-0,0776;0,4176;-0,7978;-0,7537;-0,1447;-0,1793;-0,1021;-0,1077;0,5503;-0,128;-0,2405;0,2439;-1,1977;-0,211;0,8457;-0,138
"ainsi";74;-0,8336;0,7364;-0,7099;0,2815;0,5047;1,0369;-0,6347;0,4376;0,5165;0,8094;0,7257;0,7675;-0,192;1,1679;-0,8751;-0,2495;-0,8116;-0,2369;-0,146;1,2908;-0,2118;-0,2399;-0,0506;-0,4436;0,5805;-0,3003;-0,1466;-0,1144;-0,1986;-0,1305;-0,9675;-1,3422;-0,3458;-0,2435;-0,3017;-0,1717;-0,1813;0,3698;-0,2154;1,3434;-0,2305;0,3281;0,4967;-0,4895;0,383
"ligne";23;0,9344;-0,1058;-0,2206;-0,0999;0,5252;0,5461;-0,1972;0,8137;0,669;-0,5458;-0,1797;-0,4048;-0,0597;-0,0576;0,3323;-0,0775;-0,2521;-0,0736;-0,0454;-0,1131;-0,0658;-0,0745;-0,0157;-0,1378;-0,1354;0,3893;1,002;-0,0355;-0,0617;-0,0405;0,4905;-0,417;0,6523;-0,0756;-0,0937;-0,0533;-0,0563;0,7992;-0,0669;-0,1896;-0,1917;0,3858;-0,5178;-0,1521;-0,0721
"certains";16;-0,1801;-0,0736;0,5264;-0,0695;-0,1071;-0,1011;1,418;-0,6667;-0,2669;0,6279;0,6953;-0,2816;-0,0415;-0,0401;0,4522;-0,0539;-0,1754;-0,0512;-0,0315;-0,0787;-0,0458;0,9488;-0,0109;-0,0959;-0,0942;-0,1584;-0,0317;-0,0247;-0,0429;-0,0282;0,2501;-0,29;-0,274;-0,0526;-0,0652;-0,0371;-0,0392;-0,0522;-0,0465;0,2308;1,4401;0,1985;-0,3602;-0,1058;0,9623
"point";40;1,0852;1,1772;0,2317;0,4819;-0,2677;-0,2527;-0,3429;0,2976;-0,2579;0,3786;0,8134;-0,7042;0,6726;-0,1002;-0,1498;-0,1348;-0,4386;1,4573;-0,0789;-0,1968;-0,1144;-0,1296;-0,0273;-0,2397;-0,2355;0,6428;-0,0792;-0,0618;-0,1073;-0,0705;-0,8969;-0,7253;-0,2685;0,5827;0,5045;-0,0928;-0,0979;0,5855;-0,1164;1,2056;-0,3334;0,3551;-0,4052;-0,2645;-0,1254
"seulement";23;-0,259;-0,1058;0,3999;-0,0999;-0,1539;-0,1453;-0,1972;1,8219;1,268;-0,2555;-0,1797;0,6351;-0,0597;-0,0576;-0,2719;-0,0775;-0,2521;-0,0736;-0,0454;1,5624;-0,0658;-0,0745;-0,0157;-0,1378;-0,1354;-0,2277;-0,0455;-0,0355;-0,0617;-0,0405;-0,5157;-0,417;-0,3939;-0,0756;-0,0937;-0,0533;-0,0563;-0,0751;-0,0669;1,4847;-0,1917;-0,626;-0,5178;1,3301;-0,0721
"tard";11;-0,1238;-0,0506;-0,1055;-0,0478;-0,0736;-0,0695;-0,0943;-0,4583;-0,1835;0,9908;0,3516;0,4441;-0,0285;-0,0275;-0,13;-0,0371;-0,1206;1,1088;-0,0217;0,9314;-0,0315;-0,0356;-0,0075;-0,0659;-0,0647;-0,1089;-0,0218;-0,017;-0,0295;-0,0194;0,3633;-0,1994;-0,1884;-0,0362;-0,0448;-0,0255;1,221;-0,0359;1,1486;-0,2646;0,7206;-0,2993;-0,2476;-0,0727;-0,0345
"porter";21;-0,2364;0,7001;-0,2014;-0,0912;0,5584;0,5797;-0,18;-0,8751;-0,3503;1,1965;0,5232;-0,3696;0,9286;-0,0526;-0,2482;0,8229;-0,2302;-0,0672;-0,0414;-0,1033;-0,0601;-0,068;-0,0143;0,5994;-0,1236;-0,2079;-0,0416;-0,0324;-0,0563;-0,037;0,5445;-0,3807;-0,3596;-0,0691;-0,0856;-0,0487;-0,0514;-0,0686;-0,0611;-0,1635;-0,175;0,4348;1,061;-0,1388;-0,0658
"premier";81;1,751;0,2394;-0,7771;-0,3519;0,4535;0,4857;-0,6947;-1,7529;-0,7313;-0,4366;-0,4142;-0,2234;0,416;0,4279;0,4306;0,3309;-0,8884;0,3472;0,5116;-0,3986;-0,2318;0,3432;-0,0554;0,516;-0,477;-0,3445;-0,1605;-0,1252;-0,2174;-0,1428;-0,3835;0,3731;-0,2095;0,3385;0,2737;-0,1879;0,4357;-0,2646;0,9907;1,9349;1,163;0,4326;-0,2142;-0,1847;0,9371
"imposer";23;0,3476;-0,1058;-0,2206;-0,0999;-0,1539;-0,1453;-0,1972;-0,1888;0,2316;0,6561;1,5306;-0,4048;-0,0597;-0,0576;0,3323;-0,0775;-0,2521;-0,0736;-0,0454;-0,1131;-0,0658;-0,0745;-0,0157;-0,1378;-0,1354;0,3893;-0,0455;-0,0355;-0,0617;1,0501;-0,5157;0,6167;-0,3939;-0,0756;0,712;0,9372;-0,0563;-0,0751;-0,0669;-0,5533;0,4475;0,3858;-0,1707;-0,1521;-0,0721
"orient";37;-0,4166;-0,1703;0,2532;-0,1607;-0,2477;-0,2338;-0,3172;0,3543;0,3885;1,4359;1,3795;-0,6513;-0,096;0,7163;0,1974;-0,1247;-0,4057;-0,1184;-0,073;-0,182;-0,1058;-0,1199;-0,0253;-0,2217;-0,2178;-0,3664;-0,0733;-0,0572;-0,0993;-0,0652;1,4355;1,1995;-0,2377;-0,1217;-0,1508;-0,0858;-0,0906;-0,1208;-0,1076;-0,3976;-0,3084;-0,216;0,2488;-0,2446;-0,116
"mettre";69;-0,7772;0,7833;-0,6619;0,3023;1,0499;0,5803;-0,5917;-0,2565;0,3147;-0,8757;-0,2902;-0,3187;-0,179;0,4836;-0,8159;0,3823;-0,7567;0,3994;-0,1361;-0,3395;-0,1974;0,3952;-0,0472;0,2117;0,2164;-0,6835;-0,1367;1,5992;-0,1852;-0,1216;-0,4963;1,2024;-0,6049;-0,227;-0,2813;0,511;0,4917;0,3927;-0,2008;0,5024;0,8421;1,6312;0,5701;-0,1426;-0,2164
"régner";16;-0,1801;-0,0736;-0,1534;-0,0695;0,6605;0,6827;-0,1371;-0,6667;-0,2669;0,6279;1,3224;0,3214;-0,0415;-0,0401;-0,1891;-0,0539;-0,1754;-0,0512;-0,0315;-0,0787;-0,0458;-0,0518;-0,0109;-0,0959;-0,0942;-0,1584;-0,0317;-0,0247;-0,0429;-0,0282;0,7189;-0,29;-0,274;-0,0526;-0,0652;-0,0371;-0,0392;-0,0522;-0,0465;-0,3849;-0,1334;0,5962;0,7162;-0,1058;0,9623
"général";28;-0,3153;-0,1289;-0,2685;-0,1216;-0,1874;-0,1769;0,372;-0,2829;-0,4671;1,1634;0,7514;-0,4929;-0,0726;-0,0701;-0,331;-0,0944;-0,307;-0,0896;-0,0552;-0,1377;-0,0801;-0,0907;-0,0191;1,2515;-0,1648;-0,2772;-0,0554;-0,0433;-0,0751;-0,0493;1,3015;0,4972;-0,4795;0,7188;-0,1141;-0,0649;-0,0686;-0,0914;-0,0814;0,722;-0,2334;0,2892;0,3801;-0,1851;-0,0878
"auprès";11;-0,1238;-0,0506;-0,1055;-0,0478;-0,0736;-0,0695;0,7096;-0,4583;-0,1835;0,9908;1,7691;-0,1936;-0,0285;-0,0275;-0,13;-0,0371;-0,1206;-0,0352;-0,0217;-0,0541;-0,0315;-0,0356;-0,0075;-0,0659;-0,0647;-0,1089;-0,0218;-0,017;-0,0295;-0,0194;0,3633;-0,1994;-0,1884;-0,0362;-0,0448;-0,0255;-0,0269;-0,0359;-0,032;-0,2646;0,7206;0,3027;-0,2476;0,812;-0,0345
"pendant";21;1,001;-0,0966;0,4306;-0,0912;-0,1405;-0,1327;0,4694;0,2331;0,2568;-0,4773;-0,1548;-0,3696;-0,0545;-0,0526;-0,2482;-0,0708;-0,2302;-0,0672;1,0412;-0,1033;-0,0601;-0,068;-0,0143;-0,1258;-0,1236;-0,2079;-0,0416;-0,0324;-0,0563;-0,037;0,5445;-0,3807;0,2494;-0,0691;-0,0856;-0,0487;-0,0514;1,971;-0,0611;0,5035;0,4793;-0,1989;-0,1469;0,5629;-0,0658
"retour";26;0,3095;0,6183;-0,2493;1,562;-0,174;-0,1643;-0,2229;-1,0835;-0,4338;0,5327;1,3564;-0,4577;-0,0674;-0,0651;-0,3073;-0,0876;-0,285;-0,0832;-0,0513;-0,1279;-0,0744;-0,0843;-0,0178;1,3094;0,5273;-0,2574;-0,0515;-0,0402;-0,0697;-0,0458;0,4216;1,0542;-0,1344;-0,0855;-0,1059;-0,0603;-0,0637;-0,0849;-0,0756;-0,6255;0,4058;0,324;-0,5854;0,4856;0,7667
"placer";10;0,6414;-0,046;-0,0959;1,0217;-0,0669;-0,0632;-0,0857;-0,4167;-0,1668;0,5434;0,3825;0,4773;-0,0259;-0,025;-0,1182;-0,0337;-0,1096;-0,032;-0,0197;-0,0492;-0,0286;-0,0324;-0,0068;0,8899;-0,0589;-0,099;-0,0198;-0,0154;1,2226;-0,0176;0,3945;-0,1813;-0,1712;-0,0329;-0,0407;-0,0232;-0,0245;-0,0326;-0,0291;-0,2405;-0,0833;0,332;-0,2251;-0,0661;-0,0313
"jeune";22;0,3618;-0,1012;-0,211;-0,0955;-0,1472;-0,139;-0,1886;-0,1718;0,2438;0,7039;0,9821;-0,3872;-0,0571;-0,0551;-0,26;-0,0741;-0,2412;-0,0704;-0,0434;-0,1082;0,87;-0,0713;1,4684;-0,1318;-0,1295;-0,2178;-0,0436;-0,034;-0,059;1,0685;0,5166;-0,3988;-0,3768;0,814;-0,0896;-0,051;-0,0539;-0,0718;-0,064;-0,5292;-0,1834;-0,5987;1,6401;-0,1454;0,8331
"fils";16;-0,1801;-0,0736;-0,1534;-0,0695;-0,1071;-0,1011;-0,1371;-0,6667;-0,2669;0,2871;0,6953;-0,2816;-0,0415;-0,0401;-0,1891;-0,0539;-0,1754;-0,0512;-0,0315;0,7806;-0,0458;-0,0518;-0,0109;-0,0959;-0,0942;-0,1584;-0,0317;-0,0247;-0,0429;-0,0282;0,7189;-0,29;0,3299;0,9427;0,8558;-0,0371;-0,0392;-0,0522;-0,0465;0,6735;-0,1334;1,1596;0,249;-0,1058;-0,0502
"soldat";12;-0,1351;-0,0552;-0,1151;-0,0521;-0,0803;-0,0758;-0,1029;-0,5;-0,2002;0,8999;1,661;-0,2112;-0,0311;-0,0301;-0,1418;-0,0404;-0,1315;-0,0384;-0,0237;-0,059;-0,0343;-0,0389;-0,0082;-0,0719;-0,0706;-0,1188;-0,0238;-0,0185;-0,0322;-0,0211;0,9225;-0,2175;-0,2055;1,0612;-0,0489;-0,0278;-0,0294;-0,0392;-0,0349;0,3138;-0,1;0,2769;0,3343;-0,0793;-0,0376
"tribu";12;-0,1351;-0,0552;-0,1151;-0,0521;-0,0803;-0,0758;-0,1029;1,7212;1,1372;-0,1988;0,3243;-0,2112;-0,0311;-0,0301;-0,1418;-0,0404;-0,1315;-0,0384;-0,0237;-0,059;-0,0343;-0,0389;-0,0082;-0,0719;-0,0706;-0,1188;-0,0238;-0,0185;-0,0322;-0,0211;-0,269;-0,2175;-0,2055;-0,0395;-0,0489;-0,0278;-0,0294;-0,0392;-0,0349;-0,2886;-0,1;1,4874;0,3343;-0,0793;-0,0376
"servir";16;0,4691;-0,0736;-0,1534;-0,0695;-0,1071;-0,1011;-0,1371;-0,6667;-0,2669;0,2871;0,2401;0,3214;-0,0415;-0,0401;0,4522;-0,0539;-0,1754;-0,0512;-0,0315;-0,0787;1;-0,0518;-0,0109;-0,0959;0,7101;-0,1584;-0,0317;-0,0247;-0,0429;-0,0282;0,7189;0,862;0,3299;-0,0526;-0,0652;-0,0371;-0,0392;-0,0522;-0,0465;0,2308;-0,1334;0,1985;0,249;-0,1058;-0,0502
"bref";10;-0,1126;-0,046;-0,0959;-0,0434;-0,0669;-0,0632;-0,0857;-0,4167;-0,1668;0,5434;1,0338;1,2412;-0,0259;-0,025;-0,1182;-0,0337;-0,1096;-0,032;-0,0197;-0,0492;-0,0286;-0,0324;-0,0068;-0,0599;-0,0589;-0,099;-0,0198;-0,0154;-0,0268;-0,0176;-0,2242;-0,1813;-0,1712;-0,0329;-0,0407;-0,0232;-0,0245;-0,0326;-0,0291;-0,2405;0,7579;0,332;1,0573;-0,0661;-0,0313
"autant";33;0,2404;-0,1519;-0,3165;-0,1433;-0,2209;-0,2085;-0,2829;1,1194;0,8973;0,3308;0,2849;-0,207;-0,0856;-0,0827;-0,3901;0,646;-0,3618;-0,1056;-0,0651;-0,1623;-0,0944;-0,1069;1,2959;-0,1977;0,4429;-0,3268;-0,0653;0,9556;-0,0885;-0,0582;-0,7399;1,3525;0,4359;-0,1085;-0,1345;-0,0765;-0,0808;-0,1077;-0,096;0,5822;0,3286;-0,1703;-0,743;-0,2182;-0,1035
"lequel";14;-0,1576;-0,0644;-0,1342;-0,0608;-0,0937;-0,0884;-0,12;0,4306;0,381;0,3521;0,2779;0,3635;-0,0363;-0,0351;-0,1655;0,9875;-0,1535;-0,0448;-0,0276;0,8338;-0,04;-0,0454;-0,0096;-0,0839;-0,0824;-0,1386;-0,0277;-0,0216;-0,0376;-0,0247;-0,3139;-0,2538;0,3724;-0,046;-0,057;-0,0325;-0,0343;-0,0457;-0,0407;-0,3367;1,5494;0,683;-0,3152;-0,0925;-0,0439
"mourir";12;-0,1351;-0,0552;-0,1151;-0,0521;-0,0803;-0,0758;-0,1029;-0,5;-0,2002;0,8999;0,8969;0,4144;-0,0311;-0,0301;0,555;-0,0404;-0,1315;-0,0384;-0,0237;-0,059;-0,0343;-0,0389;-0,0082;-0,0719;-0,0706;-0,1188;-0,0238;-0,0185;-0,0322;-0,0211;-0,269;1,0757;-0,2055;-0,0395;-0,0489;-0,0278;-0,0294;-0,0392;-0,0349;0,3138;-0,1;0,2769;0,3343;-0,0793;-0,0376
"ensemble";11;-0,1238;-0,0506;0,6663;-0,0478;-0,0736;-0,0695;-0,0943;-0,4583;-0,1835;0,4854;0,9614;0,4441;-0,0285;-0,0275;-0,13;-0,0371;-0,1206;-0,0352;-0,0217;-0,0541;-0,0315;-0,0356;-0,0075;-0,0659;-0,0647;-0,1089;-0,0218;-0,017;-0,0295;-0,0194;0,9874;-0,1994;-0,1884;-0,0362;-0,0448;-0,0255;-0,0269;-0,0359;-0,032;1,7305;-0,0917;-0,2993;-0,2476;-0,0727;-0,0345
"simplement";13;-0,1464;0,8905;-0,1246;-0,0564;-0,087;-0,0821;-0,1114;1,5936;1,0754;0,3909;0,839;-0,2288;-0,0337;-0,0326;0,5258;-0,0438;-0,1425;-0,0416;-0,0256;-0,0639;-0,0372;-0,0421;-0,0089;-0,0779;-0,0765;-0,1287;-0,0257;-0,0201;-0,0349;-0,0229;-0,2914;-0,2357;0,3968;-0,0428;-0,053;-0,0301;-0,0318;-0,0424;-0,0378;-0,3127;-0,1083;-0,3538;-0,2926;-0,0859;-0,0408
"italien";10;-0,1126;-0,046;-0,0959;-0,0434;-0,0669;-0,0632;-0,0857;-0,4167;-0,1668;1,8092;0,3825;-0,176;-0,0259;-0,025;1,5515;-0,0337;-0,1096;-0,032;-0,0197;-0,0492;-0,0286;-0,0324;-0,0068;-0,0599;-0,0589;-0,099;-0,0198;-0,0154;-0,0268;-0,0176;-0,2242;-0,1813;-0,1712;-0,0329;-0,0407;1,2841;-0,0245;-0,0326;-0,0291;-0,2405;0,7579;0,332;-0,2251;-0,0661;-0,0313
"heure";24;1,6447;-0,1104;-0,2301;-0,1042;1,2872;1,3316;0,4233;-1,0001;-0,4004;-0,5808;-0,1925;0,2062;-0,0622;-0,0601;0,3191;-0,0809;-0,2631;1,8752;-0,0473;-0,118;0,835;-0,0778;-0,0164;-0,1438;-0,1413;0,3753;0,9844;-0,0371;-0,0644;-0,0423;-0,5381;-0,4351;0,6251;-0,0789;-0,0978;-0,0557;-0,0588;-0,0784;0,8283;-0,2031;0,4329;0,3638;-0,5403;-0,1587;-0,0752
"cependant";11;0,6054;-0,0506;-0,1055;-0,0478;-0,0736;-0,0695;0,7096;-0,4583;-0,1835;0,9908;0,3516;0,4441;-0,0285;-0,0275;-0,13;-0,0371;-0,1206;-0,0352;-0,0217;0,9314;-0,0315;-0,0356;-0,0075;-0,0659;-0,0647;-0,1089;-0,0218;-0,017;-0,0295;-0,0194;0,9874;-0,1994;-0,1884;-0,0362;-0,0448;-0,0255;-0,0269;-0,0359;-0,032;0,3408;-0,0917;-0,2993;-0,2476;-0,0727;-0,0345
"constituer";13;-0,1464;-0,0598;-0,1246;-0,0564;-0,087;-0,0821;-0,1114;0,4729;0,4055;-0,2266;0,2998;1,0361;-0,0337;-0,0326;-0,1536;-0,0438;-0,1425;-0,0416;-0,0256;-0,0639;-0,0372;-0,0421;-0,0089;-0,0779;-0,0765;-0,1287;-0,0257;-0,0201;-0,0349;-0,0229;1,6041;-0,2357;-0,2226;-0,0428;-0,053;-0,0301;-0,0318;-0,0424;-0,0378;0,2897;-0,1083;0,7331;-0,2926;-0,0859;-0,0408
"elles";33;1,287;-0,1519;0,791;-0,1433;-0,2209;-0,2085;-0,2829;-0,3893;-0,5506;-0,5124;0,2849;-0,207;-0,0856;-0,0827;0,2272;-0,1112;-0,3618;-0,1056;-0,0651;-0,1623;-0,0944;0,661;-0,0225;-0,1977;-0,1943;-0,3268;-0,0653;-0,051;-0,0885;-0,0582;0,6386;0,4056;1,4274;-0,1085;-0,1345;-0,0765;-0,0808;-0,1077;-0,096;1,0015;-0,2751;0,4889;0,6352;-0,2182;-0,1035
"seul";31;-0,3491;-0,1427;0,8341;-0,1346;-0,2075;-0,1959;0,912;0,503;0,4855;-0,8358;-0,2886;0,4556;-0,0804;-0,0777;0,6948;0,67;-0,3399;0,6899;-0,0611;-0,1525;-0,0887;-0,1005;-0,0212;-0,1858;-0,1825;-0,307;-0,0614;-0,0479;-0,0832;0,9273;0,331;-0,562;-0,1793;-0,102;0,5979;-0,0719;-0,0759;-0,1012;-0,0902;1,6227;-0,2584;-0,8438;0,6887;-0,205;-0,0972
"traduire";11;-0,1238;-0,0506;-0,1055;-0,0478;-0,0736;-0,0695;1,729;1,8652;1,2057;0,4854;0,3516;-0,1936;-0,0285;-0,0275;-0,13;-0,0371;-0,1206;-0,0352;-0,0217;-0,0541;-0,0315;-0,0356;-0,0075;-0,0659;-0,0647;-0,1089;-0,0218;-0,017;-0,0295;-0,0194;-0,2466;-0,1994;-0,1884;-0,0362;-0,0448;-0,0255;-0,0269;-0,0359;-0,032;-0,2646;-0,0917;-0,2993;-0,2476;-0,0727;-0,0345
"souvenir";13;-0,1464;-0,0598;0,6029;-0,0564;-0,087;-0,0821;0,6453;-0,5417;-0,2169;0,3909;0,2998;0,3877;-0,0337;-0,0326;-0,1536;1,018;-0,1425;-0,0416;-0,0256;-0,0639;-0,0372;-0,0421;-0,0089;-0,0779;-0,0765;-0,1287;-0,0257;-0,0201;-0,0349;-0,0229;0,3108;-0,2357;0,3968;1,028;-0,053;-0,0301;-0,0318;-0,0424;-0,0378;-0,3127;-0,1083;1,393;-0,2926;-0,0859;-0,0408
"lors";37;-0,4166;0,489;1,3319;-0,1607;-0,2477;-0,2338;-0,3172;-1,5421;-0,6173;-0,356;0,5181;-0,6513;-0,096;-0,0927;1,1165;-0,1247;-0,4057;-0,1184;-0,073;-0,182;-0,1058;0,6175;-0,0253;-0,2217;-0,2178;1,2982;-0,0733;-0,0572;0,6897;-0,0652;0,5455;-0,6709;-0,6337;1,498;-0,1508;-0,0858;0,7252;-0,1208;0,6585;0,865;-0,3084;0,4068;0,9396;-0,2446;0,63
"esprit";24;-0,2702;-0,1104;-0,2301;-0,1042;-0,1606;-0,1516;0,4233;-0,2065;-0,4004;-0,2785;0,4461;-0,4224;-0,0622;-0,0601;-0,2837;-0,0809;-0,2631;-0,0768;-0,0473;-0,118;-0,0686;-0,0778;-0,0164;-0,1438;-0,1413;-0,2376;-0,0475;-0,0371;0,8608;-0,0423;-0,1817;1,8131;0,2133;-0,0789;-0,0978;-0,0557;-0,0588;-0,0784;-0,0698;0,8646;-0,2;0,7541;1,5125;-0,1587;-0,0752
"puis";44;-0,4955;0,4287;-0,422;0,4486;-0,2945;-0,278;-0,3773;-0,6567;-0,299;0,4955;-0,489;-0,7746;-0,1141;-0,1102;0,4796;1,3416;-0,4824;-0,1408;-0,0868;1,0561;0,5993;0,553;-0,0301;0,3419;-0,259;-0,4357;-0,0871;-0,068;-0,1181;-0,0776;0,4176;-0,7978;0,6173;-0,1447;1,1962;-0,1021;-0,1077;-0,1437;0,593;-0,2405;0,2439;0,5569;0,7426;0,8457;0,5651
"religieux";14;-0,1576;-0,0644;-0,1342;-0,0608;-0,0937;-0,0884;-0,12;1,4794;1,0191;0,3521;0,2779;-0,2464;-0,0363;-0,0351;-0,1655;-0,0472;-0,1535;-0,0448;-0,0276;-0,0689;-0,04;-0,0454;-0,0096;-0,0839;-0,0824;-0,1386;-0,0277;-0,0216;-0,0376;-0,0247;-0,3139;-0,2538;0,3724;-0,046;0,9098;1,1425;-0,0343;-0,0457;-0,0407;0,7638;-0,1167;-0,381;-0,3152;-0,0925;-0,0439
"ancien";33;1,287;-0,1519;-0,3165;-0,1433;-0,2209;-0,2085;0,3199;-0,3893;-0,1902;0,574;0,2849;0,4212;-0,0856;-0,0827;1,2365;-0,1112;-0,3618;0,6658;-0,0651;-0,1623;-0,0944;0,661;-0,0225;-0,1977;-0,1943;-0,3268;0,8548;-0,051;-0,0885;-0,0582;0,3013;-0,5983;0,4359;-0,1085;0,5747;-0,0765;-0,0808;-0,1077;-0,096;0,27;-0,2751;-0,8982;0,2994;-0,2182;1,6286
"non";41;-0,4617;-0,1887;0,6473;-0,1781;0,3294;0,3475;-0,3515;1,5195;1,1699;0,3567;0,4422;1,104;-0,1064;-0,1027;-0,1559;-0,1382;-0,4495;-0,1312;-0,0809;-0,2017;-0,1173;-0,1329;-0,028;-0,2457;0,3702;0,2165;-0,0812;0,8674;-0,11;-0,0723;-0,9194;-0,7434;-0,7023;-0,1349;-0,1671;-0,0951;0,6853;-0,1339;-0,1193;0,7499;-0,3418;-0,2657;-0,4204;0,3332;-0,1286
"officiel";10;0,6414;-0,046;1,7194;-0,0434;-0,0669;-0,0632;-0,0857;-0,4167;-0,1668;-0,1464;0,3825;-0,176;-0,0259;-0,025;-0,1182;-0,0337;-0,1096;-0,032;-0,0197;-0,0492;-0,0286;1,1433;-0,0068;-0,0599;-0,0589;-0,099;-0,0198;-0,0154;-0,0268;-0,0176;-0,2242;-0,1813;-0,1712;-0,0329;-0,0407;-0,0232;-0,0245;-0,0326;-0,0291;-0,2405;0,7579;1,7112;-0,2251;-0,0661;-0,0313
"toute";38;0,203;-0,1749;-0,3644;-0,165;-0,2544;-0,2401;0,2776;0,3343;0,3747;0,4264;-0,3935;1,7799;-0,0986;0,7059;0,5659;-0,1281;-0,4166;-0,1216;-0,0749;-0,1869;-0,1087;-0,1232;-0,026;-0,2277;1,0333;-0,3763;-0,0753;-0,0587;-0,1019;-0,067;1,9531;-0,689;-0,6509;-0,125;-0,1549;-0,0881;-0,093;-0,1241;-0,1105;-0,4138;0,2858;0,3887;0,2377;-0,2513;0,6199
"autrement";12;-0,1351;-0,0552;-0,1151;-0,0521;-0,0803;-0,0758;-0,1029;0,5205;0,4326;-0,1988;0,3243;1,9785;-0,0311;-0,0301;-0,1418;-0,0404;-0,1315;-0,0384;-0,0237;-0,059;-0,0343;-0,0389;-0,0082;-0,0719;-0,0706;-0,1188;-0,0238;-0,0185;-0,0322;-0,0211;0,3356;-0,2175;-0,2055;-0,0395;-0,0489;-0,0278;1,1844;-0,0392;-0,0349;0,3138;-0,1;0,2769;-0,2701;-0,0793;-0,0376
"élite";10;-0,1126;-0,046;-0,0959;-0,0434;-0,0669;-0,0632;-0,0857;-0,4167;-0,1668;1,8092;0,3825;-0,176;-0,0259;-0,025;-0,1182;-0,0337;-0,1096;-0,032;-0,0197;-0,0492;-0,0286;1,1433;-0,0068;-0,0599;-0,0589;-0,099;-0,0198;-0,0154;-0,0268;-0,0176;-0,2242;-0,1813;0,487;-0,0329;-0,0407;-0,0232;-0,0245;-0,0326;-0,0291;-0,2405;-0,0833;1,7112;-0,2251;-0,0661;-0,0313
"latin";13;-0,1464;-0,0598;-0,1246;-0,0564;-0,087;-0,0821;0,6453;0,4729;0,4055;1,3887;0,839;-0,2288;-0,0337;-0,0326;-0,1536;-0,0438;-0,1425;-0,0416;-0,0256;0,8636;-0,0372;-0,0421;-0,0089;-0,0779;-0,0765;-0,1287;-0,0257;-0,0201;-0,0349;-0,0229;-0,2914;-0,2357;-0,2226;-0,0428;-0,053;-0,0301;1,1509;-0,0424;-0,0378;-0,3127;-0,1083;0,254;-0,2926;-0,0859;-0,0408
"intérêt";13;-0,1464;-0,0598;-0,1246;-0,0564;-0,087;-0,0821;0,6453;0,4729;0,4055;0,3909;0,2998;0,3877;-0,0337;-0,0326;-0,1536;-0,0438;-0,1425;-0,0416;-0,0256;-0,0639;-0,0372;-0,0421;-0,0089;-0,0779;0,7918;-0,1287;-0,0257;-0,0201;-0,0349;-0,0229;-0,2914;-0,2357;-0,2226;-0,0428;-0,053;-0,0301;-0,0318;-0,0424;-0,0378;1,5266;-0,1083;0,254;-0,2926;-0,0859;-0,0408
"intellectuel";12;-0,1351;-0,0552;-0,1151;-0,0521;-0,0803;-0,0758;-0,1029;0,5205;0,4326;0,8999;1,661;-0,2112;-0,0311;-0,0301;-0,1418;-0,0404;-0,1315;-0,0384;-0,0237;-0,059;-0,0343;-0,0389;-0,0082;-0,0719;-0,0706;-0,1188;-0,0238;-0,0185;-0,0322;-0,0211;-0,269;1,0757;-0,2055;-0,0395;-0,0489;-0,0278;-0,0294;-0,0392;-0,0349;0,3138;-0,1;-0,3266;-0,2701;-0,0793;-0,0376
"plan";16;-0,1801;-0,0736;-0,1534;-0,0695;1,6142;1,6605;-0,1371;1,2831;0,9201;-0,3154;0,2401;-0,2816;-0,0415;-0,0401;-0,1891;-0,0539;-0,1754;-0,0512;1,1545;-0,0787;-0,0458;-0,0518;-0,0109;-0,0959;0,7101;-0,1584;-0,0317;-0,0247;-0,0429;-0,0282;-0,3587;-0,29;-0,274;-0,0526;-0,0652;-0,0371;-0,0392;-0,0522;-0,0465;0,6735;-0,1334;-0,4354;-0,3602;-0,1058;-0,0502
"donner";35;0,2244;0,5088;-0,3357;-0,152;-0,2343;-0,2211;-0,3001;-0,4348;-0,209;0,2889;-0,3476;0,7933;-0,0908;-0,0877;0,2116;-0,118;-0,3837;0,6433;-0,069;0,4851;-0,1001;-0,1134;-0,0239;-0,2097;-0,206;-0,3466;-0,0693;-0,0541;0,7112;-0,0617;0,2746;0,3749;0,4042;-0,1151;-0,1426;-0,0812;-0,0857;0,6357;1,6409;1,4178;-0,2918;-0,1926;-0,3312;0,384;-0,1097
"jeu";14;0,5166;-0,0644;-0,1342;-0,0608;0,7121;0,7346;-0,12;-0,5834;-0,2335;0,7486;1,476;-0,2464;-0,0363;-0,0351;-0,1655;-0,0472;-0,1535;-0,0448;1,2105;-0,0689;-0,04;-0,0454;-0,0096;-0,0839;0,7624;-0,1386;-0,0277;-0,0216;-0,0376;-0,0247;-0,3139;-0,2538;0,3724;-0,046;0,9098;-0,0325;-0,0343;-0,0457;-0,0407;-0,3367;-0,1167;0,2335;-0,3152;-0,0925;-0,0439
"mur";12;0,5729;-0,0552;-0,1151;-0,0521;-0,0803;-0,0758;-0,1029;-0,5;-0,2002;0,435;0,8969;-0,2112;-0,0311;-0,0301;0,555;-0,0404;-0,1315;-0,0384;-0,0237;-0,059;-0,0343;-0,0389;-0,0082;-0,0719;0,8237;-0,1188;-0,0238;-0,0185;-0,0322;-0,0211;0,3356;-0,2175;-0,2055;-0,0395;-0,0489;-0,0278;-0,0294;-0,0392;-0,0349;-0,2886;-0,1;0,2769;1,6971;-0,0793;-0,0376
"assurer";18;-0,2027;-0,0828;-0,1726;-0,0782;-0,1205;-0,1137;-0,1543;1,1204;0,8356;0,5297;0,2087;-0,3168;-0,0467;-0,0451;-0,2127;-0,0607;-0,1973;-0,0576;-0,0355;-0,0885;-0,0515;-0,0583;-0,0123;-0,1078;-0,1059;0,4729;-0,0356;-0,0278;-0,0483;1,1522;-0,4035;-0,3263;-0,3082;-0,0592;-0,0733;1,0379;-0,0441;-0,0588;-0,0524;1,1575;-0,15;-0,1546;-0,4052;-0,119;0,9142
"possible";13;-0,1464;-0,0598;-0,1246;-0,0564;-0,087;-0,0821;-0,1114;1,5936;1,0754;-0,2266;0,2998;-0,2288;-0,0337;-0,0326;-0,1536;-0,0438;-0,1425;-0,0416;-0,0256;-0,0639;-0,0372;-0,0421;-0,0089;-0,0779;-0,0765;-0,1287;-0,0257;-0,0201;1,1127;-0,0229;-0,2914;-0,2357;1,909;-0,0428;-0,053;-0,0301;-0,0318;-0,0424;-0,0378;-0,3127;-0,1083;-0,3538;-0,2926;0,7459;-0,0408
"voisin";10;-0,1126;-0,046;-0,0959;-0,0434;-0,0669;-0,0632;-0,0857;0,6363;0,4963;1,8092;0,3825;-0,176;-0,0259;-0,025;-0,1182;-0,0337;-0,1096;-0,032;-0,0197;-0,0492;-0,0286;-0,0324;-0,0068;-0,0599;-0,0589;-0,099;-0,0198;-0,0154;-0,0268;-0,0176;-0,2242;-0,1813;-0,1712;-0,0329;-0,0407;-0,0232;-0,0245;-0,0326;-0,0291;0,3714;0,7579;-0,2721;-0,2251;-0,0661;-0,0313
"cela";25;-0,2815;-0,115;0,3724;0,6553;-0,1673;-0,1579;-0,2143;0,7197;0,6154;-0,3022;-0,2056;-0,44;-0,0648;-0,0626;-0,2955;-0,0842;-0,2741;-0,08;-0,0493;-0,123;0,8187;-0,081;-0,0171;0,535;0,5415;0,362;-0,0495;1,0702;0,8444;1,0156;-0,5605;1,7514;-0,4281;-0,0822;-0,1019;-0,058;-0,0612;-0,0816;-0,0727;0,4056;-0,2084;-0,6804;-0,1954;-0,1653;-0,0784
"nouvelle";27;-0,304;-0,1243;-0,2589;-0,1172;-0,1807;-0,1706;-0,2315;-1,1252;-0,4505;1,2291;0,7846;0,5357;-0,07;-0,0676;0,2836;0,7235;-0,296;0,7438;-0,0532;1,433;-0,0772;-0,0875;-0,0184;-0,1618;1,2935;-0,2673;-0,0535;-0,0417;-0,0724;-0,0476;-0,2196;-0,4895;-0,143;-0,0888;-0,11;0,872;-0,0661;-0,0881;-0,0785;-0,245;1,0328;-0,7349;-0,6079;1,205;0,7518
"parmi";14;1,3137;-0,0644;-0,1342;-0,0608;-0,0937;-0,0884;-0,12;-0,5834;-0,2335;0,3521;0,2779;0,3635;-0,0363;-0,0351;-0,1655;-0,0472;-0,1535;-0,0448;-0,0276;0,8338;-0,04;1,0036;-0,0096;-0,0839;-0,0824;1,4135;-0,0277;-0,0216;-0,0376;-0,0247;0,2886;-0,2538;0,3724;-0,046;-0,057;-0,0325;-0,0343;-0,0457;-0,0407;0,268;-0,1167;0,2335;-0,3152;-0,0925;-0,0439
"tendance";13;-0,1464;-0,0598;-0,1246;-0,0564;-0,087;-0,0821;-0,1114;0,4729;0,4055;0,8198;0,839;-0,2288;-0,0337;-0,0326;1,3357;-0,0438;-0,1425;-0,0416;-0,0256;-0,0639;-0,0372;-0,0421;-0,0089;-0,0779;-0,0765;-0,1287;-0,0257;-0,0201;-0,0349;-0,0229;-0,2914;-0,2357;-0,2226;-0,0428;-0,053;-0,0301;-0,0318;-0,0424;-0,0378;-0,3127;-0,1083;1,393;-0,2926;-0,0859;-0,0408
"économique";10;0,6414;-0,046;-0,0959;-0,0434;-0,0669;-0,0632;-0,0857;-0,4167;-0,1668;1,8092;1,8904;-0,176;-0,0259;-0,025;0,623;-0,0337;-0,1096;-0,032;-0,0197;-0,0492;-0,0286;-0,0324;-0,0068;-0,0599;-0,0589;0,6907;-0,0198;-0,0154;-0,0268;-0,0176;-0,2242;-0,1813;-0,1712;-0,0329;-0,0407;-0,0232;-0,0245;-0,0326;-0,0291;-0,2405;-0,0833;-0,2721;-0,2251;-0,0661;-0,0313
"dessiner";13;-0,1464;-0,0598;-0,1246;-0,0564;-0,087;-0,0821;-0,1114;0,4729;-0,2169;0,8198;1,564;1,0361;-0,0337;-0,0326;-0,1536;-0,0438;-0,1425;-0,0416;-0,0256;-0,0639;-0,0372;-0,0421;-0,0089;-0,0779;-0,0765;-0,1287;-0,0257;-0,0201;-0,0349;-0,0229;-0,2914;1,0147;-0,2226;-0,0428;-0,053;-0,0301;-0,0318;-0,0424;-0,0378;-0,3127;-0,1083;0,254;-0,2926;-0,0859;-0,0408
"celui_ci";19;-0,2139;-0,0874;-0,1822;-0,0825;-0,1272;-0,12;-0,1629;0,2763;0,2857;0,8731;1,134;-0,3344;-0,0493;-0,0476;-0,2246;-0,064;-0,2083;-0,0608;-0,0375;0,7131;-0,0543;-0,0616;-0,013;-0,1138;-0,1118;-0,1881;-0,0376;-0,0293;-0,051;-0,0335;1,1708;-0,3444;-0,3254;-0,0625;-0,0774;-0,0441;-0,0465;-0,062;-0,0553;-0,1385;0,5149;-0,5171;1,1666;-0,1256;-0,0596
"étude";10;-0,1126;-0,046;1,7194;-0,0434;-0,0669;-0,0632;-0,0857;0,6363;0,4963;0,5434;1,0338;-0,176;-0,0259;-0,025;-0,1182;-0,0337;-0,1096;-0,032;-0,0197;-0,0492;-0,0286;-0,0324;-0,0068;-0,0599;-0,0589;-0,099;-0,0198;-0,0154;-0,0268;-0,0176;-0,2242;-0,1813;-0,1712;-0,0329;-0,0407;-0,0232;-0,0245;-0,0326;1,1886;-0,2405;-0,0833;-0,2721;-0,2251;-0,0661;-0,0313
"baisser";11;0,6054;-0,0506;-0,1055;-0,0478;-0,0736;-0,0695;-0,0943;-0,4583;-0,1835;0,9908;1,7691;-0,1936;-0,0285;-0,0275;-0,13;-0,0371;-0,1206;-0,0352;-0,0217;-0,0541;-0,0315;-0,0356;-0,0075;-0,0659;-0,0647;-0,1089;-0,0218;-0,017;-0,0295;-0,0194;-0,2466;-0,1994;-0,1884;-0,0362;-0,0448;-0,0255;-0,0269;-0,0359;-0,032;-0,2646;1,7517;0,3027;0,3619;-0,0727;-0,0345
"culturel";16;-0,1801;-0,0736;0,5264;-0,0695;-0,1071;-0,1011;0,5674;0,3591;0,3381;0,2871;0,2401;0,8825;-0,0415;-0,0401;-0,1891;-0,0539;-0,1754;-0,0512;-0,0315;-0,0787;-0,0458;-0,0518;-0,0109;-0,0959;0,7101;-0,1584;-0,0317;-0,0247;-0,0429;-0,0282;0,2501;-0,29;-0,274;-0,0526;-0,0652;-0,0371;-0,0392;0,9457;-0,0465;1,2867;-0,1334;-0,4354;-0,3602;-0,1058;-0,0502
"massif";10;0,6414;-0,046;-0,0959;-0,0434;-0,0669;-0,0632;-0,0857;-0,4167;-0,1668;1,0949;1,0338;-0,176;-0,0259;-0,025;-0,1182;-0,0337;-0,1096;1,1486;-0,0197;-0,0492;-0,0286;-0,0324;-0,0068;-0,0599;-0,0589;-0,099;-0,0198;-0,0154;-0,0268;-0,0176;1,0603;-0,1813;0,487;-0,0329;-0,0407;-0,0232;-0,0245;-0,0326;-0,0291;-0,2405;-0,0833;-0,2721;-0,2251;-0,0661;-0,0313
"fonctionner";10;-0,1126;0,9977;-0,0959;-0,0434;-0,0669;-0,0632;0,7469;-0,4167;-0,1668;1,0949;1,0338;-0,176;-0,0259;-0,025;-0,1182;-0,0337;-0,1096;1,1486;-0,0197;-0,0492;-0,0286;-0,0324;-0,0068;-0,0599;-0,0589;-0,099;-0,0198;-0,0154;-0,0268;1,4005;-0,2242;-0,1813;-0,1712;-0,0329;-0,0407;-0,0232;-0,0245;-0,0326;-0,0291;-0,2405;-0,0833;-0,2721;-0,2251;0,8502;-0,0313
"profondément";13;-0,1464;-0,0598;-0,1246;-0,0564;-0,087;-0,0821;-0,1114;1,5936;1,0754;0,3909;0,839;0,3877;-0,0337;-0,0326;-0,1536;-0,0438;-0,1425;-0,0416;-0,0256;-0,0639;-0,0372;-0,0421;-0,0089;-0,0779;-0,0765;-0,1287;-0,0257;-0,0201;-0,0349;-0,0229;-0,2914;-0,2357;-0,2226;-0,0428;-0,053;-0,0301;-0,0318;-0,0424;-0,0378;0,8157;-0,1083;-0,3538;-0,2926;-0,0859;-0,0408
"influence";12;0,5729;-0,0552;-0,1151;-0,0521;0,7726;0,7954;-0,1029;0,5205;0,4326;-0,1988;0,3243;-0,2112;-0,0311;-0,0301;-0,1418;-0,0404;-0,1315;-0,0384;-0,0237;-0,059;-0,0343;-0,0389;-0,0082;-0,0719;-0,0706;-0,1188;-0,0238;-0,0185;-0,0322;-0,0211;-0,269;-0,2175;0,4237;-0,0395;-0,0489;-0,0278;-0,0294;-0,0392;-0,0349;-0,2886;-0,1;1,4874;-0,2701;-0,0793;-0,0376
"climat";10;-0,1126;-0,046;-0,0959;-0,0434;-0,0669;-0,0632;-0,0857;-0,4167;-0,1668;1,8092;1,8904;1,2412;-0,0259;-0,025;-0,1182;-0,0337;-0,1096;-0,032;-0,0197;-0,0492;-0,0286;-0,0324;-0,0068;-0,0599;-0,0589;-0,099;-0,0198;-0,0154;-0,0268;-0,0176;-0,2242;-0,1813;-0,1712;-0,0329;-0,0407;-0,0232;-0,0245;-0,0326;-0,0291;-0,2405;-0,0833;-0,2721;0,3931;-0,0661;-0,0313
"poser";12;-0,1351;-0,0552;-0,1151;0,9467;-0,0803;-0,0758;-0,1029;1,7212;-0,2002;0,435;0,8969;-0,2112;-0,0311;-0,0301;-0,1418;1,0511;-0,1315;-0,0384;-0,0237;-0,059;-0,0343;-0,0389;-0,0082;-0,0719;-0,0706;-0,1188;-0,0238;-0,0185;-0,0322;-0,0211;-0,269;-0,2175;0,4237;-0,0395;-0,0489;-0,0278;-0,0294;-0,0392;-0,0349;-0,2886;-0,1;0,2769;-0,2701;-0,0793;-0,0376
"maître";14;0,5166;-0,0644;-0,1342;-0,0608;-0,0937;-0,0884;-0,12;-0,5834;-0,2335;1,2795;0,7866;-0,2464;-0,0363;-0,0351;-0,1655;-0,0472;-0,1535;-0,0448;-0,0276;-0,0689;-0,04;-0,0454;-0,0096;-0,0839;-0,0824;-0,1386;-0,0277;-0,0216;-0,0376;-0,0247;0,2886;0,9592;-0,2397;-0,046;-0,057;-0,0325;-0,0343;-0,0457;-0,0407;-0,3367;-0,1167;0,683;0,8084;-0,0925;-0,0439
"découverte";10;0,6414;-0,046;-0,0959;-0,0434;-0,0669;-0,0632;-0,0857;-0,4167;-0,1668;1,0949;1,8904;-0,176;-0,0259;-0,025;-0,1182;-0,0337;-0,1096;-0,032;-0,0197;-0,0492;-0,0286;-0,0324;-0,0068;0,8899;-0,0589;-0,099;-0,0198;-0,0154;-0,0268;-0,0176;-0,2242;-0,1813;-0,1712;-0,0329;-0,0407;-0,0232;-0,0245;-0,0326;-0,0291;-0,2405;-0,0833;0,9209;-0,2251;-0,0661;-0,0313
"etats";10;-0,1126;-0,046;1,7194;-0,0434;-0,0669;-0,0632;0,7469;-0,4167;-0,1668;-0,1464;0,3825;-0,176;-0,0259;-0,025;0,623;-0,0337;-0,1096;-0,032;-0,0197;-0,0492;-0,0286;-0,0324;-0,0068;-0,0599;-0,0589;-0,099;-0,0198;-0,0154;-0,0268;-0,0176;-0,2242;-0,1813;0,487;-0,0329;-0,0407;-0,0232;-0,0245;-0,0326;-0,0291;1,0091;-0,0833;-0,2721;0,3931;-0,0661;-0,0313
"unir";22;1,747;-0,1012;1,9307;-0,0955;-0,1472;-0,139;0,4532;-0,9168;-0,367;-0,2333;-0,1671;0,2291;-0,0571;-0,0551;0,3463;-0,0741;-0,2412;-0,0704;-0,0434;-0,1082;-0,0629;-0,0713;-0,015;-0,1318;-0,1295;-0,2178;-0,0436;-0,034;-0,059;-0,0388;-0,4932;0,6451;0,2366;-0,0724;-0,0896;0,9553;0,9332;-0,0718;-0,064;1,5493;0,4629;-0,5987;-0,4953;-0,1454;-0,069
"suivant";13;-0,1464;-0,0598;-0,1246;-0,0564;-0,087;-0,0821;-0,1114;-0,5417;-0,2169;1,3887;0,2998;0,3877;-0,0337;-0,0326;-0,1536;1,018;-0,1425;-0,0416;-0,0256;-0,0639;-0,0372;-0,0421;-0,0089;-0,0779;-0,0765;-0,1287;-0,0257;-0,0201;-0,0349;-0,0229;-0,2914;-0,2357;-0,2226;-0,0428;-0,053;-0,0301;-0,0318;-0,0424;1,0789;-0,3127;0,656;1,393;0,3096;-0,0859;-0,0408
"haut";28;-0,3153;1,4562;-0,2685;-0,1216;1,1678;1,2113;-0,24;-1,1669;-0,4671;0,2365;-0,2461;-0,1587;-0,0726;0,8264;-0,331;-0,0944;-0,307;-0,0896;-0,0552;0,5658;-0,0801;-0,0907;-0,0191;0,4942;0,5006;-0,2772;-0,0554;-0,0433;-0,0751;-0,0493;0,3822;-0,5076;-0,4795;-0,0921;0,6363;-0,0649;-0,0686;-0,0914;-0,0814;-0,2594;0,3812;1,6002;0,7796;-0,1851;-0,0878
"ère";13;-0,1464;-0,0598;-0,1246;-0,0564;-0,087;-0,0821;-0,1114;-0,5417;-0,2169;0,8198;0,2998;1,0361;-0,0337;-0,0326;0,5258;-0,0438;-0,1425;-0,0416;-0,0256;-0,0639;-0,0372;-0,0421;-0,0089;-0,0779;0,7918;-0,1287;-0,0257;-0,0201;-0,0349;-0,0229;-0,2914;1,0147;-0,2226;-0,0428;-0,053;-0,0301;-0,0318;-0,0424;-0,0378;-0,3127;-0,1083;0,7331;0,3096;-0,0859;-0,0408
"laisser";30;-0,3378;0,5649;-0,2877;0,5864;0,4316;0,4514;-0,2572;-0,3241;-0,5005;0,4054;0,3296;-0,5281;1,8611;-0,0751;-0,3546;-0,1011;-0,3289;-0,096;0,895;0,5405;-0,0858;-0,0972;-0,0205;-0,1798;-0,1766;-0,2971;-0,0594;-0,0463;-0,0805;-0,0529;0,3471;-0,5439;0,4896;-0,0987;-0,1222;-0,0696;-0,0735;-0,0979;-0,0873;-0,2889;-0,2501;0,9745;1,7894;-0,1983;-0,0941
"lever";10;-0,1126;-0,046;-0,0959;-0,0434;-0,0669;-0,0632;-0,0857;-0,4167;-0,1668;1,0949;0,3825;-0,176;-0,0259;-0,025;-0,1182;1,127;-0,1096;-0,032;-0,0197;-0,0492;-0,0286;-0,0324;-0,0068;-0,0599;-0,0589;-0,099;-0,0198;-0,0154;-0,0268;-0,0176;0,3945;-0,1813;-0,1712;-0,0329;-0,0407;-0,0232;-0,0245;-0,0326;1,1886;-0,2405;-0,0833;-0,2721;1,9275;-0,0661;-0,0313
"lettre";11;1,5105;-0,0506;-0,1055;-0,0478;-0,0736;-0,0695;-0,0943;-0,4583;-0,1835;-0,172;0,3516;0,4441;-0,0285;-0,0275;-0,13;-0,0371;-0,1206;-0,0352;-0,0217;-0,0541;-0,0315;-0,0356;-0,0075;-0,0659;-0,0647;0,6541;-0,0218;-0,017;-0,0295;-0,0194;-0,2466;-0,1994;-0,1884;-0,0362;1,0086;-0,0255;-0,0269;-0,0359;-0,032;1,7305;-0,0917;0,3027;-0,2476;-0,0727;-0,0345
"maintenant";13;-0,1464;-0,0598;-0,1246;-0,0564;-0,087;-0,0821;0,6453;1,5936;1,0754;-0,2266;0,2998;-0,2288;-0,0337;-0,0326;-0,1536;1,018;-0,1425;-0,0416;-0,0256;0,8636;1,0859;-0,0421;-0,0089;-0,0779;-0,0765;-0,1287;-0,0257;-0,0201;1,1127;-0,0229;-0,2914;-0,2357;-0,2226;-0,0428;-0,053;-0,0301;-0,0318;-0,0424;-0,0378;-0,3127;-0,1083;-0,3538;-0,2926;-0,0859;-0,0408
"ni";17;-0,1914;-0,0782;-0,163;-0,0738;-0,1138;-0,1074;-0,1457;1,1981;-0,2836;-0,3465;0,2237;-0,2992;-0,0441;-0,0426;1,1246;-0,0573;-0,1864;-0,0544;-0,0335;-0,0836;-0,0486;-0,0551;-0,0116;-0,1019;-0,1001;-0,1683;-0,0337;1,2316;-0,0456;-0,03;0,6784;-0,3082;-0,2911;-0,0559;-0,0693;-0,0394;-0,0416;-0,0555;-0,0494;0,2147;-0,1417;-0,1405;0,6758;1,574;-0,0533
"précis";15;-0,1689;-0,069;-0,1438;-0,0651;-0,1004;-0,0948;-0,1286;-0,625;-0,2502;1,1815;0,7389;-0,264;-0,0389;-0,0376;-0,1773;0,9591;-0,1644;-0,048;-0,0296;-0,0738;-0,0429;-0,0486;-0,0102;-0,0899;-0,0883;0,5382;-0,0297;-0,0232;-0,0402;-0,0264;0,2684;-0,2719;0,9488;0,9691;-0,0611;-0,0348;-0,0367;-0,049;1,0196;-0,3608;0,6018;0,2151;-0,3377;-0,0992;-0,047
"méfier";11;-0,1238;-0,0506;-0,1055;-0,0478;-0,0736;-0,0695;-0,0943;1,8652;1,2057;0,4854;0,9614;-0,1936;-0,0285;-0,0275;-0,13;-0,0371;-0,1206;-0,0352;-0,0217;-0,0541;-0,0315;-0,0356;-0,0075;-0,0659;-0,0647;-0,1089;-0,0218;-0,017;-0,0295;-0,0194;-0,2466;-0,1994;-0,1884;-0,0362;1,0086;-0,0255;-0,0269;-0,0359;-0,032;-0,2646;-0,0917;-0,2993;-0,2476;-0,0727;-0,0345
"expliquer";27;-0,304;0,6041;0,3477;-0,1172;1,1957;1,2394;-0,2315;0,6378;-0,1371;-0,688;-0,2324;-0,1495;0,827;-0,0676;1,4563;-0,091;-0,296;0,7438;-0,0532;-0,1328;-0,0772;-0,0875;-0,0184;-0,1618;0,5136;-0,2673;-0,0535;-0,0417;-0,0724;-0,0476;-0,6054;-0,4895;-0,4624;-0,0888;-0,11;-0,0626;-0,0661;-0,0881;-0,0785;-0,6495;0,3932;1,664;-0,221;-0,1785;-0,0847
"miroir";11;-0,1238;-0,0506;-0,1055;-0,0478;-0,0736;-0,0695;-0,0943;1,8652;1,2057;-0,172;0,3516;0,4441;-0,0285;-0,0275;-0,13;-0,0371;-0,1206;-0,0352;-0,0217;-0,0541;-0,0315;-0,0356;-0,0075;-0,0659;-0,0647;-0,1089;-0,0218;-0,017;-0,0295;-0,0194;-0,2466;1,1432;-0,1884;-0,0362;-0,0448;-0,0255;-0,0269;-0,0359;-0,032;-0,2646;-0,0917;-0,2993;-0,2476;-0,0727;-0,0345
"présent";12;-0,1351;-0,0552;0,6331;-0,0521;-0,0803;-0,0758;-0,1029;0,5205;0,4326;-0,1988;0,3243;-0,2112;-0,0311;-0,0301;1,4006;-0,0404;-0,1315;-0,0384;-0,0237;-0,059;-0,0343;-0,0389;-0,0082;-0,0719;-0,0706;-0,1188;-0,0238;-0,0185;-0,0322;-0,0211;-0,269;1,0757;-0,2055;-0,0395;-0,0489;-0,0278;-0,0294;-0,0392;-0,0349;-0,2886;-0,1;-0,3266;0,9195;-0,0793;-0,0376
"seconde";10;0,6414;-0,046;-0,0959;-0,0434;-0,0669;-0,0632;-0,0857;-0,4167;-0,1668;0,5434;0,3825;-0,176;-0,0259;-0,025;-0,1182;-0,0337;-0,1096;1,1486;-0,0197;-0,0492;-0,0286;-0,0324;-0,0068;-0,0599;-0,0589;-0,099;-0,0198;-0,0154;-0,0268;-0,0176;-0,2242;-0,1813;-0,1712;1,1371;-0,0407;-0,0232;-0,0245;-0,0326;-0,0291;1,8513;-0,0833;0,332;-0,2251;-0,0661;-0,0313
"adopter";10;-0,1126;-0,046;-0,0959;-0,0434;-0,0669;-0,0632;0,7469;0,6363;0,4963;-0,1464;0,3825;-0,176;-0,0259;-0,025;-0,1182;-0,0337;-0,1096;-0,032;-0,0197;-0,0492;-0,0286;-0,0324;-0,0068;-0,0599;-0,0589;-0,099;-0,0198;-0,0154;-0,0268;-0,0176;-0,2242;-0,1813;-0,1712;-0,0329;-0,0407;-0,0232;-0,0245;-0,0326;-0,0291;1,8513;-0,0833;-0,2721;-0,2251;0,8502;-0,0313
"mode";11;-0,1238;-0,0506;-0,1055;-0,0478;-0,0736;-0,0695;-0,0943;-0,4583;-0,1835;0,4854;0,9614;0,4441;-0,0285;-0,0275;-0,13;-0,0371;-0,1206;-0,0352;-0,0217;-0,0541;-0,0315;-0,0356;-0,0075;-0,0659;-0,0647;-0,1089;-0,0218;-0,017;-0,0295;-0,0194;-0,2466;1,1432;-0,1884;-0,0362;-0,0448;-0,0255;-0,0269;-0,0359;-0,032;0,3408;-0,0917;0,8509;0,3619;-0,0727;-0,0345
"prisonnier";12;-0,1351;-0,0552;0,6331;-0,0521;-0,0803;-0,0758;-0,1029;0,5205;0,4326;0,8999;0,3243;-0,2112;-0,0311;-0,0301;-0,1418;-0,0404;-0,1315;-0,0384;-0,0237;-0,059;-0,0343;-0,0389;-0,0082;-0,0719;-0,0706;-0,1188;-0,0238;-0,0185;-0,0322;-0,0211;-0,269;-0,2175;-0,2055;-0,0395;-0,0489;-0,0278;-0,0294;-0,0392;-0,0349;-0,2886;-0,1;0,2769;1,6971;-0,0793;-0,0376
"lui_même";15;-0,1689;0,8329;0,5499;-0,0651;-0,1004;-0,0948;-0,1286;-0,625;-0,2502;0,3177;-0,3487;-0,264;-0,0389;-0,0376;-0,1773;-0,0505;-0,1644;-0,048;-0,0296;-0,0738;-0,0429;-0,0486;-0,0102;-0,0899;0,7353;-0,1485;-0,0297;-0,0232;-0,0402;-0,0264;0,763;0,9086;-0,2569;0,9691;-0,0611;-0,0348;1,0911;-0,049;-0,0436;0,2485;-0,125;0,6376;-0,3377;-0,0992;0,9888
"apparaître";18;-0,2027;-0,0828;-0,1726;-0,0782;-0,1205;-0,1137;-0,1543;0,3012;-0,3003;-0,3783;-0,4185;-0,3168;-0,0467;-0,0451;0,412;0,8849;-0,1973;-0,0576;-0,0355;0,7342;-0,0515;-0,0583;-0,0123;-0,1078;0,6646;0,4729;-0,0356;-0,0278;-0,0483;-0,0317;0,6411;-0,3263;0,2939;-0,0592;-0,0733;-0,0417;-0,0441;-0,0588;-0,0524;0,2;0,5345;1,0347;0,6385;-0,119;-0,0564
"total";16;-0,1801;-0,0736;-0,1534;0,8303;0,6605;0,6827;-0,1371;0,3591;0,3381;-0,3154;-0,372;0,8825;-0,0415;-0,0401;0,4522;-0,0539;-0,1754;-0,0512;-0,0315;-0,0787;-0,0458;-0,0518;-0,0109;-0,0959;-0,0942;-0,1584;-0,0317;-0,0247;-0,0429;-0,0282;0,2501;-0,29;-0,274;0,9427;-0,0652;1,0868;-0,0392;-0,0522;-0,0465;-0,3849;-0,1334;-0,4354;1,3564;-0,1058;-0,0502
"découvrir";14;0,5166;-0,0644;-0,1342;-0,0608;0,7121;0,7346;-0,12;0,4306;0,381;0,3521;-0,3255;0,3635;-0,0363;-0,0351;-0,1655;-0,0472;-0,1535;1,0088;-0,0276;-0,0689;-0,04;-0,0454;1,662;-0,0839;-0,0824;-0,1386;-0,0277;1,3136;-0,0376;-0,0247;-0,3139;-0,2538;-0,2397;-0,046;-0,057;-0,0325;-0,0343;-0,0457;-0,0407;-0,3367;-0,1167;0,683;-0,3152;-0,0925;-0,0439
"porte";22;1,747;-0,1012;0,4148;1,699;0,5413;0,5625;-0,1886;-0,9168;-0,367;-0,2333;-0,5115;-0,3872;-0,0571;-0,0551;-0,26;-0,0741;-0,2412;-0,0704;-0,0434;-0,1082;-0,0629;-0,0713;-0,015;-0,1318;-0,1295;1,0598;-0,0436;-0,034;-0,059;-0,0388;-0,1576;0,6451;0,2366;1,9257;-0,0896;-0,051;-0,0539;-0,0718;-0,064;-0,1764;-0,1834;-0,2144;-0,4953;0,5458;0,8331
"fidèle";11;-0,1238;0,9586;-0,1055;-0,0478;0,8071;0,8302;-0,0943;0,5745;0,4627;0,4854;-0,2557;-0,1936;-0,0285;-0,0275;-0,13;-0,0371;-0,1206;-0,0352;-0,0217;-0,0541;-0,0315;-0,0356;-0,0075;-0,0659;-0,0647;-0,1089;-0,0218;-0,017;-0,0295;-0,0194;-0,2466;-0,1994;-0,1884;-0,0362;-0,0448;-0,0255;-0,0269;-0,0359;-0,032;0,9372;-0,0917;-0,2993;0,3619;-0,0727;-0,0345
"forcer";11;0,6054;-0,0506;-0,1055;-0,0478;-0,0736;-0,0695;-0,0943;-0,4583;-0,1835;0,4854;-0,2557;1,1653;-0,0285;-0,0275;-0,13;-0,0371;-0,1206;-0,0352;-0,0217;-0,0541;-0,0315;-0,0356;-0,0075;-0,0659;0,8586;-0,1089;-0,0218;-0,017;-0,0295;-0,0194;0,9874;-0,1994;-0,1884;-0,0362;1,0086;-0,0255;-0,0269;-0,0359;-0,032;0,3408;-0,0917;-0,2993;0,3619;-0,0727;-0,0345
"choc";12;-0,1351;-0,0552;-0,1151;-0,0521;-0,0803;-0,0758;-0,1029;1,7212;1,1372;-0,1988;-0,279;1,9785;1,1602;-0,0301;-0,1418;-0,0404;-0,1315;-0,0384;-0,0237;-0,059;-0,0343;-0,0389;-0,0082;-0,0719;-0,0706;-0,1188;-0,0238;-0,0185;-0,0322;-0,0211;-0,269;-0,2175;-0,2055;-0,0395;-0,0489;-0,0278;-0,0294;-0,0392;-0,0349;-0,2886;-0,1;0,2769;-0,2701;-0,0793;-0,0376
"profond";10;-0,1126;-0,046;-0,0959;-0,0434;-0,0669;-0,0632;-0,0857;0,6363;0,4963;-0,1464;-0,2325;0,4773;-0,0259;-0,025;-0,1182;-0,0337;-0,1096;-0,032;-0,0197;-0,0492;-0,0286;-0,0324;-0,0068;-0,0599;-0,0589;-0,099;-0,0198;-0,0154;-0,0268;-0,0176;-0,2242;-0,1813;0,487;-0,0329;-0,0407;-0,0232;-0,0245;-0,0326;-0,0291;-0,2405;-0,0833;0,9209;1,0573;-0,0661;-0,0313
"cours";10;-0,1126;-0,046;-0,0959;-0,0434;-0,0669;-0,0632;-0,0857;-0,4167;-0,1668;1,0949;-0,2325;-0,176;-0,0259;-0,025;-0,1182;-0,0337;-0,1096;-0,032;-0,0197;-0,0492;-0,0286;-0,0324;-0,0068;-0,0599;-0,0589;-0,099;-0,0198;-0,0154;1,2226;-0,0176;1,0603;-0,1813;0,487;-0,0329;-0,0407;-0,0232;-0,0245;-0,0326;-0,0291;-0,2405;-0,0833;0,9209;0,3931;-0,0661;-0,0313
"main";27;-0,304;-0,1243;-0,2589;0,626;0,468;0,4884;0,3839;1,4909;1,0976;-0,688;-0,6278;-0,4753;-0,07;-0,0676;-0,3191;0,7235;-0,296;-0,0864;-0,0532;0,5793;-0,0772;-0,0875;1,3811;-0,1618;0,5136;-0,2673;-0,0535;-0,0417;-0,0724;-0,0476;1,3515;0,5185;-0,4624;0,733;-0,11;-0,0626;-0,0661;-0,0881;-0,0785;-0,6495;-0,2251;-0,7349;0,3992;-0,1785;-0,0847
"telle";22;-0,2477;-0,1012;-0,211;-0,0955;0,5413;0,5625;1,1668;1,9189;0,6982;-0,2333;-0,5115;0,6638;-0,0571;-0,0551;-0,26;-0,0741;-0,2412;-0,0704;-0,0434;0,6565;-0,0629;-0,0713;-0,015;-0,1318;-0,1295;-0,2178;-0,0436;-0,034;-0,059;-0,0388;-0,4932;-0,3988;-0,3768;-0,0724;-0,0896;-0,051;-0,0539;-0,0718;-0,064;-0,5292;0,4629;0,4094;0,5142;-0,1454;-0,069
"jusqu_au";13;-0,1464;-0,0598;-0,1246;-0,0564;-0,087;-0,0821;-0,1114;1,5936;1,0754;-0,2266;-0,3022;-0,2288;-0,0337;-0,0326;0,5258;-0,0438;-0,1425;-0,0416;-0,0256;-0,0639;-0,0372;-0,0421;-0,0089;0,7847;-0,0765;-0,1287;-0,0257;-0,0201;-0,0349;-0,0229;0,3108;-0,2357;-0,2226;-0,0428;-0,053;-0,0301;-0,0318;-0,0424;-0,0378;-0,3127;0,656;0,254;0,3096;-0,0859;-0,0408
"environ";11;-0,1238;-0,0506;0,6663;-0,0478;-0,0736;-0,0695;-0,0943;-0,4583;-0,1835;1,6503;-0,2557;-0,1936;-0,0285;-0,0275;0,5872;-0,0371;-0,1206;-0,0352;-0,0217;0,9314;-0,0315;-0,0356;-0,0075;-0,0659;-0,0647;-0,1089;-0,0218;-0,017;-0,0295;-0,0194;0,3633;1,1432;-0,1884;-0,0362;-0,0448;-0,0255;-0,0269;-0,0359;-0,032;-0,2646;-0,0917;0,3027;-0,2476;-0,0727;-0,0345
"combattre";11;0,6054;-0,0506;-0,1055;-0,0478;-0,0736;-0,0695;-0,0943;0,5745;0,4627;-0,172;-0,2557;-0,1936;-0,0285;-0,0275;-0,13;-0,0371;-0,1206;-0,0352;-0,0217;-0,0541;-0,0315;-0,0356;-0,0075;-0,0659;-0,0647;-0,1089;-0,0218;-0,017;-0,0295;-0,0194;1,8104;-0,1994;-0,1884;-0,0362;-0,0448;-0,0255;-0,0269;-0,0359;-0,032;0,9372;-0,0917;0,3027;-0,2476;-0,0727;-0,0345
"9";11;-0,1238;-0,0506;1,6385;-0,0478;0,8071;0,8302;-0,0943;-0,4583;-0,1835;-0,172;-0,2557;-0,1936;-0,0285;-0,0275;-0,13;-0,0371;-0,1206;-0,0352;-0,0217;-0,0541;-0,0315;-0,0356;-0,0075;0,8514;-0,0647;-0,1089;-0,0218;-0,017;-0,0295;1,36;0,3633;-0,1994;-0,1884;-0,0362;-0,0448;-0,0255;-0,0269;-0,0359;-0,032;0,9372;-0,0917;0,3027;-0,2476;-0,0727;-0,0345
"dizaine";10;-0,1126;-0,046;-0,0959;-0,0434;-0,0669;-0,0632;-0,0857;-0,4167;-0,1668;1,0949;-0,2325;0,4773;-0,0259;-0,025;-0,1182;-0,0337;-0,1096;-0,032;-0,0197;-0,0492;-0,0286;1,1433;-0,0068;-0,0599;-0,0589;-0,099;-0,0198;-0,0154;-0,0268;-0,0176;-0,2242;-0,1813;-0,1712;1,1371;-0,0407;-0,0232;-0,0245;-0,0326;-0,0291;-0,2405;-0,0833;0,332;1,0573;0,8502;-0,0313
"afin";13;-0,1464;-0,0598;1,4993;-0,0564;-0,087;-0,0821;-0,1114;1,5936;0,4055;-0,2266;-0,3022;-0,2288;-0,0337;-0,0326;-0,1536;-0,0438;-0,1425;-0,0416;-0,0256;-0,0639;-0,0372;-0,0421;-0,0089;-0,0779;-0,0765;-0,1287;-0,0257;-0,0201;-0,0349;-0,0229;-0,2914;-0,2357;0,3968;-0,0428;0,94;-0,0301;-0,0318;-0,0424;-0,0378;-0,3127;-0,1083;0,254;0,3096;0,7459;-0,0408
"couper";11;-0,1238;-0,0506;-0,1055;0,9824;-0,0736;-0,0695;-0,0943;-0,4583;-0,1835;-0,172;-0,2557;0,4441;1,1967;-0,0275;-0,13;-0,0371;-0,1206;1,1088;-0,0217;0,9314;-0,0315;-0,0356;-0,0075;-0,0659;-0,0647;-0,1089;1,3106;-0,017;-0,0295;-0,0194;0,3633;-0,1994;-0,1884;-0,0362;-0,0448;-0,0255;-0,0269;-0,0359;-0,032;-0,2646;-0,0917;0,3027;0,9845;-0,0727;-0,0345
"charger";13;-0,1464;-0,0598;-0,1246;-0,0564;-0,087;-0,0821;-0,1114;0,4729;0,4055;-0,2266;-0,3022;-0,2288;-0,0337;-0,0326;-0,1536;1,018;-0,1425;-0,0416;-0,0256;-0,0639;-0,0372;1,0342;-0,0089;-0,0779;-0,0765;-0,1287;-0,0257;-0,0201;-0,0349;-0,0229;-0,2914;-0,2357;-0,2226;-0,0428;-0,053;-0,0301;-0,0318;-0,0424;-0,0378;-0,3127;-0,1083;0,7331;1,5995;1,7982;-0,0408
"cesse";15;-0,1689;-0,069;-0,1438;-0,0651;-0,1004;-0,0948;0,5913;1,3764;0,9675;0,3177;-0,3487;-0,264;-0,0389;-0,0376;0,4747;-0,0505;-0,1644;-0,048;-0,0296;-0,0738;-0,0429;-0,0486;1,6323;-0,0899;-0,0883;-0,1485;-0,0297;-0,0232;-0,0402;-0,0264;-0,3363;-0,2719;-0,2569;-0,0493;-0,0611;-0,0348;-0,0367;-0,049;-0,0436;0,2485;-0,125;0,2151;0,7603;-0,0992;-0,047
"entrer";11;-0,1238;-0,0506;-0,1055;-0,0478;-0,0736;-0,0695;0,7096;1,8652;1,2057;-0,172;-0,2557;-0,1936;-0,0285;-0,0275;-0,13;-0,0371;-0,1206;-0,0352;-0,0217;-0,0541;-0,0315;-0,0356;-0,0075;-0,0659;-0,0647;-0,1089;-0,0218;-0,017;-0,0295;-0,0194;0,9874;-0,1994;-0,1884;-0,0362;-0,0448;-0,0255;-0,0269;1,1004;-0,032;-0,2646;-0,0917;-0,2993;-0,2476;-0,0727;-0,0345
"volonté";14;-0,1576;-0,0644;-0,1342;-0,0608;-0,0937;-0,0884;-0,12;1,4794;1,0191;-0,2553;-0,3255;-0,2464;-0,0363;-0,0351;1,2764;-0,0472;-0,1535;-0,0448;-0,0276;-0,0689;-0,04;-0,0454;-0,0096;-0,0839;-0,0824;-0,1386;-0,0277;-0,0216;-0,0376;-0,0247;-0,3139;0,9592;-0,2397;-0,046;-0,057;1,1425;-0,0343;-0,0457;-0,0407;-0,3367;-0,1167;0,683;-0,3152;-0,0925;-0,0439
"répondre";21;0,3769;-0,0966;-0,2014;-0,0912;0,5584;0,5797;-0,18;0,9223;0,7293;-0,2117;-0,4882;0,2418;-0,0545;-0,0526;0,3612;-0,0708;-0,2302;-0,0672;-0,0414;-0,1033;0,8889;-0,068;-0,0143;0,5994;-0,1236;-0,2079;-0,0416;-0,0324;-0,0563;-0,037;-0,4708;-0,3807;-0,3596;-0,0691;-0,0856;-0,0487;-0,0514;-0,0686;-0,0611;1,618;-0,175;0,4348;-0,4728;-0,1388;-0,0658
"univers";16;-0,1801;-0,0736;-0,1534;-0,0695;-0,1071;-0,1011;-0,1371;1,2831;0,9201;0,2871;-0,372;-0,2816;-0,0415;-0,0401;-0,1891;-0,0539;-0,1754;0,9539;-0,0315;0,7806;-0,0458;-0,0518;1,6046;-0,0959;-0,0942;-0,1584;-0,0317;-0,0247;-0,0429;-0,0282;-0,3587;-0,29;-0,274;-0,0526;-0,0652;-0,0371;-0,0392;-0,0522;-0,0465;-0,3849;1,4401;-0,4354;1,3564;-0,1058;-0,0502
"départ";10;-0,1126;-0,046;-0,0959;-0,0434;0,8453;0,8685;0,7469;-0,4167;-0,1668;-0,1464;-0,2325;-0,176;-0,0259;-0,025;-0,1182;-0,0337;-0,1096;1,1486;-0,0197;-0,0492;-0,0286;-0,0324;-0,0068;-0,0599;-0,0589;-0,099;-0,0198;-0,0154;-0,0268;-0,0176;-0,2242;-0,1813;0,487;1,1371;1,048;-0,0232;-0,0245;-0,0326;-0,0291;-0,2405;-0,0833;0,332;0,3931;-0,0661;-0,0313
"tenter";12;1,4386;-0,0552;0,6331;-0,0521;-0,0803;-0,0758;-0,1029;-0,5;-0,2002;-0,1988;-0,279;0,4144;-0,0311;-0,0301;-0,1418;-0,0404;-0,1315;-0,0384;-0,0237;-0,059;-0,0343;-0,0389;-0,0082;-0,0719;-0,0706;0,621;-0,0238;-0,0185;-0,0322;-0,0211;0,9225;1,0757;-0,2055;-0,0395;-0,0489;-0,0278;-0,0294;-0,0392;-0,0349;-0,2886;0,6868;-0,3266;-0,2701;-0,0793;1,0811
"travers";11;-0,1238;-0,0506;-0,1055;-0,0478;0,8071;0,8302;-0,0943;0,5745;0,4627;-0,5339;-0,2557;0,4441;-0,0285;-0,0275;-0,13;-0,0371;-0,1206;-0,0352;-0,0217;-0,0541;-0,0315;-0,0356;-0,0075;-0,0659;-0,0647;-0,1089;-0,0218;-0,017;1,1826;-0,0194;-0,2466;-0,1994;1,186;-0,0362;-0,0448;-0,0255;-0,0269;-0,0359;1,1486;0,3408;-0,0917;-0,2993;-0,2476;-0,0727;-0,0345
"régulièrement";10;-0,1126;-0,046;-0,0959;-0,0434;-0,0669;-0,0632;0,7469;0,6363;0,4963;-0,4854;-0,2325;-0,176;-0,0259;-0,025;-0,1182;-0,0337;-0,1096;1,1486;-0,0197;-0,0492;-0,0286;1,1433;-0,0068;-0,0599;-0,0589;1,6935;-0,0198;-0,0154;-0,0268;-0,0176;-0,2242;-0,1813;-0,1712;-0,0329;-0,0407;-0,0232;-0,0245;-0,0326;-0,0291;0,3714;-0,0833;0,332;-0,2251;-0,0661;-0,0313
"éviter";15;0,4919;-0,069;-0,1438;-0,0651;-0,1004;-0,0948;-0,1286;1,3764;0,3586;-0,7281;-0,3487;-0,264;-0,0389;-0,0376;-0,1773;-0,0505;-0,1644;-0,048;-0,0296;-0,0738;-0,0429;-0,0486;-0,0102;-0,0899;-0,0883;-0,1485;-0,0297;-0,0232;-0,0402;-0,0264;0,2684;0,9086;-0,2569;-0,0493;-0,0611;-0,0348;-0,0367;-0,049;-0,0436;-0,3608;1,4926;-0,4082;0,7603;1,6777;-0,047
"certes";12;-0,1351;-0,0552;-0,1151;-0,0521;-0,0803;-0,0758;-0,1029;1,7212;1,1372;-0,5824;-0,279;-0,2112;-0,0311;1,1748;-0,1418;-0,0404;-0,1315;-0,0384;-0,0237;-0,059;-0,0343;-0,0389;-0,0082;-0,0719;-0,0706;-0,1188;1,2738;-0,0185;-0,0322;-0,0211;-0,269;1,0757;-0,2055;-0,0395;-0,0489;-0,0278;-0,0294;-0,0392;-0,0349;0,3138;-0,1;0,2769;-0,2701;-0,0793;-0,0376
"chaque";18;-0,2027;-0,0828;-0,1726;-0,0782;1,5174;0,6376;-0,1543;0,3012;0,3018;-0,8737;-0,4185;0,2858;-0,0467;1,0061;0,412;0,8849;-0,1973;-0,0576;-0,0355;-0,0885;-0,0515;-0,0583;-0,0123;0,6578;1,6198;-0,1782;-0,0356;1,2075;-0,0483;-0,0317;-0,4035;-0,3263;0,2939;-0,0592;-0,0733;-0,0417;-0,0441;-0,0588;0,9447;0,5974;-0,15;-0,4899;-0,4052;-0,119;-0,0564
"imaginer";12;-0,1351;-0,0552;0,6331;-0,0521;0,7726;0,7954;-0,1029;0,5205;0,4326;-0,5824;-0,279;-0,2112;-0,0311;-0,0301;-0,1418;1,0511;-0,1315;-0,0384;-0,0237;-0,059;-0,0343;-0,0389;-0,0082;-0,0719;-0,0706;-0,1188;-0,0238;-0,0185;-0,0322;-0,0211;-0,269;-0,2175;1,1178;-0,0395;-0,0489;-0,0278;-0,0294;-0,0392;-0,0349;0,3138;-0,1;0,2769;0,3343;-0,0793;-0,0376
"inspirer";17;-0,1914;-0,0782;-0,163;-0,0738;-0,1138;-0,1074;-0,1457;1,1981;0,8762;-0,8252;-0,3952;1,5524;-0,0441;1,0297;0,4313;-0,0573;-0,1864;-0,0544;-0,0335;-0,0836;-0,0486;-0,0551;-0,0116;-0,1019;-0,1001;-0,1683;-0,0337;1,2316;-0,0456;-0,03;-0,3811;-0,3082;-0,2911;-0,0559;-0,0693;-0,0394;1,0392;-0,0555;-0,0494;-0,4089;-0,1417;-0,1405;1,2882;-0,1124;-0,0533
"résumer";14;-0,1576;-0,0644;-0,1342;-0,0608;1,7256;1,7724;1,5271;1,4794;1,0191;-0,6795;-0,3255;-0,2464;-0,0363;-0,0351;-0,1655;-0,0472;-0,1535;-0,0448;-0,0276;-0,0689;-0,04;-0,0454;-0,0096;-0,0839;-0,0824;-0,1386;-0,0277;-0,0216;-0,0376;-0,0247;-0,3139;-0,2538;-0,2397;-0,046;-0,057;-0,0325;-0,0343;-0,0457;-0,0407;-0,3367;-0,1167;0,2335;0,2873;-0,0925;-0,0439
"aucun";14;-0,1576;-0,0644;-0,1342;-0,0608;-0,0937;-0,0884;-0,12;0,4306;0,381;-0,6795;-0,3255;-0,2464;-0,0363;-0,0351;-0,1655;-0,0472;-0,1535;1,0088;-0,0276;0,8338;-0,04;-0,0454;-0,0096;-0,0839;0,7624;-0,1386;-0,0277;-0,0216;-0,0376;-0,0247;0,8112;-0,2538;-0,2397;-0,046;-0,057;-0,0325;-0,0343;-0,0457;-0,0407;0,268;-0,1167;0,683;1,5111;-0,0925;-0,0439
"celles";12;-0,1351;-0,0552;-0,1151;-0,0521;-0,0803;-0,0758;0,676;1,7212;1,1372;-0,5824;-0,279;1,0974;-0,0311;-0,0301;1,4006;-0,0404;-0,1315;-0,0384;-0,0237;-0,059;-0,0343;-0,0389;-0,0082;-0,0719;-0,0706;-0,1188;-0,0238;-0,0185;-0,0322;-0,0211;-0,269;-0,2175;-0,2055;-0,0395;-0,0489;-0,0278;-0,0294;-0,0392;-0,0349;-0,2886;-0,1;0,2769;-0,2701;-0,0793;-0,0376
"sujet";12;-0,1351;-0,0552;0,6331;-0,0521;-0,0803;-0,0758;1,6554;0,5205;0,4326;-0,5824;-0,279;-0,2112;-0,0311;-0,0301;0,555;-0,0404;-0,1315;-0,0384;-0,0237;0,896;-0,0343;-0,0389;-0,0082;-0,0719;-0,0706;-0,1188;-0,0238;-0,0185;-0,0322;-0,0211;-0,269;-0,2175;0,4237;-0,0395;-0,0489;-0,0278;-0,0294;1,0643;-0,0349;0,8732;-0,1;-0,3266;-0,2701;-0,0793;-0,0376
"diriger";12;-0,1351;-0,0552;-0,1151;-0,0521;-0,0803;-0,0758;-0,1029;0,5205;0,4326;-0,5824;-0,279;-0,2112;-0,0311;-0,0301;-0,1418;-0,0404;-0,1315;-0,0384;-0,0237;-0,059;-0,0343;-0,0389;-0,0082;-0,0719;-0,0706;0,621;-0,0238;-0,0185;-0,0322;-0,0211;-0,269;1,0757;-0,2055;-0,0395;-0,0489;1,2072;-0,0294;-0,0392;-0,0349;-0,2886;-0,1;1,4874;0,3343;-0,0793;1,0811
"corps";17;0,448;0,783;-0,163;-0,0738;0,6374;0,6594;-0,1457;0,3286;0,3192;-0,8252;-0,3952;0,3029;-0,0441;-0,0426;-0,2009;-0,0573;-0,1864;-0,0544;-0,0335;1,8128;-0,0486;0,924;-0,0116;0,6797;0,6866;-0,1683;-0,0337;-0,0263;-0,0456;-0,03;0,6784;-0,3082;-0,2911;-0,0559;-0,0693;-0,0394;-0,0416;-0,0555;-0,0494;-0,4089;-0,1417;-0,4626;0,6758;-0,1124;-0,0533
"adapter";11;-0,1238;-0,0506;-0,1055;-0,0478;0,8071;0,8302;0,7096;0,5745;0,4627;-0,5339;-0,2557;-0,1936;-0,0285;-0,0275;0,5872;1,0872;-0,1206;-0,0352;-0,0217;-0,0541;-0,0315;-0,0356;-0,0075;0,8514;-0,0647;-0,1089;-0,0218;-0,017;-0,0295;-0,0194;-0,2466;-0,1994;-0,1884;-0,0362;-0,0448;-0,0255;-0,0269;-0,0359;-0,032;-0,2646;-0,0917;-0,2993;-0,2476;0,812;1,1173
"lutte";12;-0,1351;0,923;-0,1151;-0,0521;-0,0803;-0,0758;-0,1029;0,5205;0,4326;-0,5824;-0,279;1,9785;-0,0311;-0,0301;-0,1418;-0,0404;-0,1315;-0,0384;-0,0237;-0,059;-0,0343;-0,0389;-0,0082;-0,0719;-0,0706;-0,1188;-0,0238;-0,0185;-0,0322;-0,0211;-0,269;1,0757;-0,2055;-0,0395;-0,0489;-0,0278;-0,0294;-0,0392;-0,0349;1,6231;-0,1;-0,3266;-0,2701;-0,0793;-0,0376
"combat";11;0,6054;-0,0506;-0,1055;-0,0478;-0,0736;-0,0695;-0,0943;0,5745;0,4627;-0,5339;-0,2557;-0,1936;-0,0285;-0,0275;-0,13;-0,0371;-0,1206;-0,0352;-0,0217;-0,0541;-0,0315;-0,0356;-0,0075;-0,0659;-0,0647;0,6541;-0,0218;-0,017;-0,0295;-0,0194;0,9874;-0,1994;-0,1884;-0,0362;-0,0448;-0,0255;-0,0269;-0,0359;-0,032;0,9372;-0,0917;-0,2993;0,9845;-0,0727;-0,0345
"arme";17;1,1609;-0,0782;-0,163;-0,0738;-0,1138;-0,1074;-0,1457;1,1981;0,8762;-0,8252;-0,3952;0,3029;-0,0441;-0,0426;-0,2009;-0,0573;-0,1864;-0,0544;-0,0335;-0,0836;-0,0486;-0,0551;-0,0116;-0,1019;-0,1001;-0,1683;-0,0337;-0,0263;-0,0456;-0,03;0,2334;-0,3082;0,3112;-0,0559;-0,0693;-0,0394;-0,0416;-0,0555;-0,0494;1,2195;0,5554;-0,1405;0,2323;-0,1124;-0,0533
"clair";13;-0,1464;-0,0598;0,6029;-0,0564;0,7411;0,7637;0,6453;0,4729;0,4055;-0,631;-0,3022;-0,2288;-0,0337;-0,0326;-0,1536;-0,0438;-0,1425;-0,0416;-0,0256;-0,0639;-0,0372;-0,0421;-0,0089;-0,0779;0,7918;0,591;-0,0257;-0,0201;-0,0349;-0,0229;-0,2914;1,0147;0,3968;-0,0428;-0,053;-0,0301;-0,0318;-0,0424;-0,0378;-0,3127;-0,1083;0,254;-0,2926;-0,0859;-0,0408
"vidéo";11;0,6054;-0,0506;-0,1055;-0,0478;-0,0736;-0,0695;0,7096;0,5745;0,4627;-0,5339;-0,2557;-0,1936;-0,0285;-0,0275;-0,13;-0,0371;-0,1206;1,1088;-0,0217;-0,0541;1,1557;1,1035;-0,0075;-0,0659;-0,0647;1,6128;-0,0218;-0,017;-0,0295;-0,0194;-0,2466;-0,1994;-0,1884;-0,0362;-0,0448;-0,0255;-0,0269;1,1004;-0,032;-0,2646;-0,0917;-0,2993;-0,2476;-0,0727;-0,0345
"oublier";14;1,3137;0,8606;-0,1342;-0,0608;-0,0937;-0,0884;-0,12;-0,5834;-0,2335;-0,6795;-0,3255;1,7855;-0,0363;-0,0351;1,2764;-0,0472;-0,1535;-0,0448;-0,0276;-0,0689;-0,04;-0,0454;-0,0096;-0,0839;-0,0824;-0,1386;-0,0277;-0,0216;-0,0376;-0,0247;-0,3139;0,9592;-0,2397;-0,046;-0,057;-0,0325;-0,0343;-0,0457;-0,0407;0,268;-0,1167;1,3078;-0,3152;-0,0925;-0,0439
"affrontement";11;0,6054;-0,0506;-0,1055;-0,0478;-0,0736;-0,0695;-0,0943;-0,4583;-0,1835;-0,5339;-0,2557;1,1653;-0,0285;-0,0275;-0,13;-0,0371;-0,1206;-0,0352;-0,0217;-0,0541;-0,0315;-0,0356;-0,0075;-0,0659;-0,0647;-0,1089;-0,0218;-0,017;-0,0295;-0,0194;0,3633;1,1432;-0,1884;-0,0362;-0,0448;-0,0255;-0,0269;-0,0359;-0,032;0,9372;-0,0917;-0,2993;1,8057;-0,0727;-0,0345
"rapport";11;1,5105;-0,0506;0,6663;-0,0478;-0,0736;-0,0695;-0,0943;-0,4583;-0,1835;-0,5339;-0,2557;1,1653;-0,0285;-0,0275;-0,13;-0,0371;-0,1206;-0,0352;-0,0217;-0,0541;-0,0315;-0,0356;-0,0075;-0,0659;-0,0647;0,6541;-0,0218;-0,017;-0,0295;-0,0194;-0,2466;1,1432;0,4536;-0,0362;-0,0448;-0,0255;-0,0269;-0,0359;-0,032;-0,2646;-0,0917;-0,2993;0,9845;-0,0727;-0,0345
"subir";10;-0,1126;-0,046;0,7031;1,0217;-0,0669;-0,0632;-0,0857;0,6363;-0,1668;-0,4854;-0,2325;-0,176;-0,0259;-0,025;1,5515;-0,0337;-0,1096;-0,032;-0,0197;-0,0492;-0,0286;-0,0324;-0,0068;-0,0599;-0,0589;0,6907;-0,0198;-0,0154;-0,0268;-0,0176;-0,2242;-0,1813;-0,1712;-0,0329;-0,0407;-0,0232;-0,0245;-0,0326;-0,0291;0,3714;-0,0833;0,332;0,3931;-0,0661;-0,0313
"voire";15;-0,1689;-0,069;0,5499;-0,0651;0,6854;0,7077;-0,1286;0,3929;-0,2502;-0,7281;-0,3487;0,3415;-0,0389;-0,0376;-0,1773;-0,0505;-0,1644;-0,048;-0,0296;-0,0738;-0,0429;-0,0486;-0,0102;-0,0899;-0,0883;-0,1485;-0,0297;-0,0232;-0,0402;-0,0264;-0,3363;-0,2719;1,7323;-0,0493;-0,0611;-0,0348;1,0911;-0,049;-0,0436;0,2485;0,6018;0,2151;0,2672;0,6901;-0,047
"bon";27;1,5092;-0,1243;-0,2589;-0,1172;-0,1807;-0,1706;1,8139;-1,1252;-0,4505;-1,3107;-0,6278;-0,1495;-0,07;-0,0676;0,7876;1,735;-0,296;0,7438;-0,0532;-0,1328;-0,0772;-0,0875;-0,0184;-0,1618;-0,1589;-0,2673;-0,0535;-0,0417;-0,0724;-0,0476;-0,6054;-0,4895;-0,4624;0,733;0,6502;-0,0626;-0,0661;0,7359;-0,0785;-0,245;1,846;1,664;0,3992;-0,1785;0,7518
"libre";11;1,5105;-0,0506;-0,1055;-0,0478;0,8071;1,9787;-0,0943;-0,4583;-0,1835;-0,5339;-0,2557;-0,1936;-0,0285;-0,0275;-0,13;-0,0371;-0,1206;-0,0352;-0,0217;-0,0541;-0,0315;-0,0356;-0,0075;-0,0659;-0,0647;-0,1089;-0,0218;-0,017;1,1826;-0,0194;0,3633;-0,1994;-0,1884;-0,0362;1,0086;-0,0255;-0,0269;-0,0359;-0,032;1,7305;-0,0917;-0,2993;-0,2476;-0,0727;-0,0345
"présenter";12;1,4386;-0,0552;-0,1151;-0,0521;-0,0803;-0,0758;-0,1029;0,5205;-0,2002;-0,5824;-0,279;0,4144;1,1602;-0,0301;-0,1418;-0,0404;-0,1315;-0,0384;-0,0237;-0,059;1,1193;-0,0389;-0,0082;0,8165;0,8237;-0,1188;-0,0238;-0,0185;-0,0322;-0,0211;-0,269;-0,2175;0,4237;-0,0395;-0,0489;-0,0278;-0,0294;-0,0392;-0,0349;0,3138;0,6868;-0,3266;-0,2701;-0,0793;-0,0376
"maison";13;0,5435;-0,0598;-0,1246;0,9141;-0,087;-0,0821;0,6453;-0,5417;-0,2169;-0,631;-0,3022;-0,2288;-0,0337;1,1413;1,3357;1,018;-0,1425;-0,0416;-0,0256;-0,0639;-0,0372;-0,0421;-0,0089;-0,0779;-0,0765;1,474;-0,0257;-0,0201;-0,0349;-0,0229;0,3108;-0,2357;-0,2226;-0,0428;-0,053;-0,0301;-0,0318;-0,0424;1,0789;-0,3127;-0,1083;-0,3538;-0,2926;1,7982;-0,0408
"national";18;1,117;1,8191;-0,1726;0,7833;1,5174;1,5632;-0,1543;-0,7501;-0,3003;-0,8737;-0,4185;0,7991;-0,0467;-0,0451;-0,2127;-0,0607;-0,1973;-0,0576;-0,0355;-0,0885;-0,0515;0,9008;-0,0123;-0,1078;-0,1059;-0,1782;-0,0356;-0,0278;-0,0483;1,1522;-0,4035;-0,3263;-0,3082;-0,0592;-0,0733;-0,0417;-0,0441;0,8977;-0,0524;-0,433;-0,15;1,0347;0,2171;-0,119;-0,0564
"20";10;0,6414;-0,046;0,7031;-0,0434;-0,0669;-0,0632;1,8105;-0,4167;-0,1668;-0,4854;-0,2325;-0,176;1,2368;-0,025;-0,1182;-0,0337;-0,1096;-0,032;-0,0197;-0,0492;-0,0286;-0,0324;-0,0068;-0,0599;-0,0589;-0,099;-0,0198;-0,0154;-0,0268;-0,0176;0,3945;-0,1813;1,2621;-0,0329;-0,0407;-0,0232;-0,0245;-0,0326;1,1886;-0,2405;-0,0833;-0,2721;0,3931;-0,0661;-0,0313
"directeur";10;-0,1126;-0,046;1,7194;-0,0434;0,8453;0,8685;0,7469;-0,4167;-0,1668;-0,4854;-0,2325;0,4773;-0,0259;-0,025;-0,1182;-0,0337;-0,1096;-0,032;-0,0197;-0,0492;-0,0286;-0,0324;-0,0068;-0,0599;-0,0589;0,6907;-0,0198;-0,0154;-0,0268;-0,0176;-0,2242;-0,1813;1,2621;-0,0329;-0,0407;-0,0232;-0,0245;-0,0326;-0,0291;-0,2405;-0,0833;0,332;-0,2251;-0,0661;-0,0313
"crise";12;0,5729;-0,0552;-0,1151;-0,0521;1,8563;1,9036;-0,1029;-0,5;-0,2002;-0,5824;-0,279;1,0974;-0,0311;-0,0301;0,555;-0,0404;-0,1315;-0,0384;-0,0237;-0,059;-0,0343;-0,0389;-0,0082;-0,0719;0,8237;-0,1188;-0,0238;-0,0185;-0,0322;-0,0211;-0,269;-0,2175;-0,2055;-0,0395;-0,0489;-0,0278;-0,0294;-0,0392;-0,0349;-0,2886;0,6868;0,7887;-0,2701;-0,0793;-0,0376
"reconnaître";12;0,5729;0,923;-0,1151;-0,0521;0,7726;0,7954;0,676;1,7212;-0,2002;-0,5824;-0,279;0,4144;-0,0311;-0,0301;-0,1418;-0,0404;-0,1315;-0,0384;-0,0237;-0,059;-0,0343;-0,0389;-0,0082;-0,0719;0,8237;-0,1188;-0,0238;-0,0185;-0,0322;-0,0211;-0,269;-0,2175;-0,2055;-0,0395;-0,0489;-0,0278;-0,0294;-0,0392;-0,0349;-0,2886;-0,1;-0,3266;-0,2701;-0,0793;1,0811
"cinq";14;0,5166;-0,0644;-0,1342;-0,0608;-0,0937;-0,0884;0,6172;-0,5834;-0,2335;-0,6795;-0,3255;-0,2464;-0,0363;-0,0351;0,4992;-0,0472;-0,1535;-0,0448;-0,0276;0,8338;-0,04;1,0036;-0,0096;1,8155;-0,0824;-0,1386;-0,0277;-0,0216;1,0818;-0,0247;-0,3139;-0,2538;-0,2397;0,9975;-0,057;-0,0325;-0,0343;-0,0457;-0,0407;-0,3367;-0,1167;0,683;0,2873;1,7355;-0,0439
"genre";11;-0,1238;-0,0506;-0,1055;-0,0478;-0,0736;-0,0695;-0,0943;-0,4583;-0,1835;-0,5339;-0,2557;-0,1936;-0,0285;-0,0275;1,4721;-0,0371;-0,1206;-0,0352;-0,0217;-0,0541;-0,0315;-0,0356;1,7657;-0,0659;-0,0647;-0,1089;-0,0218;-0,017;-0,0295;-0,0194;-0,2466;-0,1994;0,4536;-0,0362;-0,0448;-0,0255;-0,0269;-0,0359;1,1486;-0,2646;1,7517;0,8509;0,9845;-0,0727;-0,0345
