year,reseau,n_noeuds,n_liens,densite,composantes,taille_lcc,pct_lcc,diametre_lcc,clustering_moyen,degre_moyen,degre_pond_moyen
1975,simple,30,36,0.08275862068965517,10,6,20.0,2,0.3447949998266754,2.4,2.6
1975,newman,30,36,0.08275862068965517,10,6,20.0,2,0.25129550306314663,2.4,1.1
1975,pub,11,1,0.01818181818181818,10,2,18.181818181818183,1,0.0,0.18181818181818182,0.5454545454545454
1976,simple,74,161,0.05960755275823769,23,14,18.91891891891892,1,0.21746783050044752,4.351351351351352,4.702702702702703
1976,newman,74,161,0.05960755275823769,23,14,18.91891891891892,1,0.08540367317640925,4.351351351351352,1.162162162162162
1976,pub,27,7,0.019943019943019943,23,4,14.814814814814813,1,0.08631815858940604,0.5185185185185185,1.2592592592592593
1977,simple,103,316,0.06015610127546164,26,16,15.53398058252427,1,0.14940733523772676,6.135922330097087,6.640776699029126
1977,newman,103,316,0.06015610127546164,26,16,15.53398058252427,1,0.05389148539223617,6.135922330097087,1.2427184466019416
1977,pub,35,20,0.03361344537815126,26,6,17.142857142857142,1,0.1491253702362539,1.1428571428571428,2.742857142857143
1978,simple,130,369,0.04400715563506261,33,16,12.307692307692308,1,0.10941889134387407,5.676923076923077,6.3538461538461535
1978,newman,130,369,0.04400715563506261,33,16,12.307692307692308,1,0.05494346437303928,5.676923076923077,1.2692307692307692
1978,pub,45,34,0.03434343434343434,33,8,17.77777777777778,1,0.09781404648248024,1.511111111111111,3.7777777777777777
1979,simple,153,391,0.033625730994152045,42,16,10.457516339869281,1,0.09131614002026392,5.111111111111111,5.908496732026144
1979,newman,153,391,0.033625730994152045,42,16,10.457516339869281,1,0.055424429065392446,5.111111111111111,1.2941176470588236
1979,pub,57,52,0.03258145363408521,42,10,17.543859649122805,1,0.08819359386768928,1.8245614035087718,4.491228070175438
1980,simple,162,397,0.030442450732305806,45,16,9.876543209876543,1,0.07804149755204112,4.901234567901234,5.790123456790123
1980,newman,162,397,0.030442450732305806,45,16,9.876543209876543,1,0.046162118807018065,4.901234567901234,1.3395061728395061
1980,pub,65,87,0.041826923076923074,45,14,21.53846153846154,2,0.0835941865609868,2.6769230769230767,5.7846153846153845
1981,simple,190,421,0.023447507658033974,56,16,8.421052631578947,1,0.06838826885208316,4.431578947368421,5.2
1981,newman,190,421,0.023447507658033974,56,16,8.421052631578947,1,0.03932158814784204,4.431578947368421,1.3
1981,pub,77,100,0.03417634996582365,56,15,19.480519480519483,2,0.07323390007315174,2.5974025974025974,5.454545454545454
1982,simple,225,488,0.019365079365079366,66,16,7.111111111111111,1,0.05710169838579314,4.337777777777778,5.066666666666666
1982,newman,225,488,0.019365079365079366,66,16,7.111111111111111,1,0.034128330891010576,4.337777777777778,1.2933333333333332
1982,pub,91,132,0.03223443223443224,66,17,18.681318681318682,2,0.07603370867492992,2.901098901098901,6.1098901098901095
1983,simple,240,502,0.017503486750348674,71,16,6.666666666666667,1,0.05570081569537756,4.183333333333334,4.925
1983,newman,240,502,0.017503486750348674,71,16,6.666666666666667,1,0.03385311073587835,4.183333333333334,1.3083333333333333
1983,pub,100,169,0.03414141414141414,71,19,19.0,2,0.07482295120716183,3.38,6.78
1984,simple,276,581,0.01530961791831357,83,21,7.608695652173914,2,0.05530329944559934,4.2101449275362315,5.130434782608695
1984,newman,276,581,0.01530961791831357,83,21,7.608695652173914,2,0.03528482612884194,4.2101449275362315,1.3224637681159421
1984,pub,117,198,0.029177718832891247,83,21,17.94871794871795,3,0.05139251234473736,3.3846153846153846,6.598290598290598
1985,simple,301,601,0.013311184939091916,93,21,6.976744186046512,2,0.05373225993880778,3.993355481727575,4.863787375415282
1985,newman,301,601,0.013311184939091916,93,21,6.976744186046512,2,0.03536354252634451,3.993355481727575,1.3156146179401993
1985,pub,130,226,0.02695289206917114,93,23,17.692307692307693,3,0.04813831486868942,3.476923076923077,6.6461538461538465
1986,simple,328,620,0.011561124785559783,104,21,6.402439024390244,2,0.051492500737453754,3.7804878048780486,4.603658536585366
1986,newman,328,620,0.011561124785559783,104,21,6.402439024390244,2,0.0351304126053635,3.7804878048780486,1.3201219512195121
1986,pub,147,257,0.02394930574969714,104,25,17.006802721088434,3,0.044153844893670566,3.496598639455782,6.448979591836735
1987,simple,362,648,0.00991720359345587,117,21,5.801104972375691,2,0.05014759428390526,3.5801104972375692,4.3259668508287294
1987,newman,362,648,0.00991720359345587,117,21,5.801104972375691,2,0.03542462920837213,3.5801104972375692,1.2955801104972375
1987,pub,162,260,0.01993712138639675,117,25,15.432098765432098,3,0.042123139090758675,3.2098765432098766,5.888888888888889
1988,simple,422,787,0.008859519762245163,134,21,4.976303317535545,2,0.050252236458541516,3.7298578199052135,4.369668246445498
1988,newman,422,787,0.008859519762245163,134,21,4.976303317535545,2,0.03447349485881056,3.7298578199052135,1.2582938388625593
1988,pub,181,265,0.016267648864333947,134,26,14.3646408839779,3,0.038056195010067725,2.9281767955801103,5.3259668508287294
1989,simple,454,807,0.007847827989614026,148,21,4.6255506607929515,2,0.047789011533153083,3.555066079295154,4.154185022026431
1989,newman,454,807,0.007847827989614026,148,21,4.6255506607929515,2,0.03328140647585807,3.555066079295154,1.248898678414097
1989,pub,198,296,0.015177152232989797,148,28,14.14141414141414,3,0.036337231320220105,2.98989898989899,5.292929292929293
1990,simple,512,879,0.006719361545988258,165,24,4.6875,3,0.04723198934192832,3.43359375,4.015625
1990,newman,512,879,0.006719361545988258,165,24,4.6875,3,0.033087557466631785,3.43359375,1.26171875
1990,pub,228,323,0.012481644640234948,165,29,12.719298245614036,3,0.034541037544092254,2.8333333333333335,4.9035087719298245
1991,simple,561,1024,0.006518971224853578,176,24,4.27807486631016,3,0.047206864536165065,3.6506238859180034,4.185383244206774
1991,newman,561,1024,0.006518971224853578,176,24,4.27807486631016,3,0.03172557896292584,3.6506238859180034,1.2531194295900179
1991,pub,246,343,0.011382113821138212,176,30,12.195121951219512,3,0.034134581849662636,2.7886178861788617,4.715447154471545
1992,simple,593,1055,0.006010437081263388,184,24,4.0472175379426645,3,0.04637940133996382,3.558178752107926,4.064080944350759
1992,newman,593,1055,0.006010437081263388,184,24,4.0472175379426645,3,0.03185951032155248,3.558178752107926,1.2563237774030354
1992,pub,264,358,0.010312247954833506,184,31,11.742424242424242,4,0.033790754476682096,2.712121212121212,4.507575757575758
1993,simple,700,1556,0.006360106274269364,206,27,3.8571428571428568,2,0.048447747947454586,4.445714285714286,4.885714285714286
1993,newman,700,1556,0.006360106274269364,206,27,3.8571428571428568,2,0.03103213467662733,4.445714285714286,1.24
1993,pub,295,409,0.009431569237864637,206,34,11.525423728813559,4,0.03124021870611228,2.772881355932203,4.4135593220338984
1994,simple,916,4986,0.01189777364163505,232,50,5.458515283842795,1,0.0530152549652437,10.88646288209607,11.222707423580786
1994,newman,916,4986,0.01189777364163505,232,50,5.458515283842795,1,0.027146946750337162,10.88646288209607,1.195414847161572
1994,pub,332,431,0.007844065082080588,232,35,10.542168674698797,4,0.03066101870976785,2.5963855421686746,4.054216867469879
1995,simple,995,5089,0.010290891075093778,259,50,5.025125628140704,1,0.05214622418205288,10.229145728643216,10.542713567839195
1995,newman,995,5089,0.010290891075093778,259,50,5.025125628140704,1,0.02776794852287673,10.229145728643216,1.1879396984924624
1995,pub,365,445,0.006698780671383411,259,35,9.58904109589041,4,0.029761012642168492,2.4383561643835616,3.780821917808219
1996,simple,1062,5196,0.00922272453766567,275,51,4.80225988700565,2,0.05179061564530559,9.785310734463277,10.08286252354049
1996,newman,1062,5196,0.00922272453766567,275,51,4.80225988700565,2,0.027929463150404003,9.785310734463277,1.1911487758945387
1996,pub,395,477,0.006129923536593202,275,35,8.860759493670885,4,0.030417600915344702,2.4151898734177215,3.6658227848101266
1997,simple,1178,5429,0.007831195826054845,302,51,4.32937181663837,2,0.05222957885644052,9.217317487266554,9.514431239388795
1997,newman,1178,5429,0.007831195826054845,302,51,4.32937181663837,2,0.02855035206996856,9.217317487266554,1.195246179966044
1997,pub,439,524,0.005450328163842689,302,38,8.656036446469248,4,0.03365630715969791,2.387243735763098,3.580865603644647
1998,simple,1239,5506,0.007179170236041625,318,51,4.116222760290557,2,0.05217608525235969,8.887812752219531,9.184826472962067
1998,newman,1239,5506,0.007179170236041625,318,51,4.116222760290557,2,0.02929122634697298,8.887812752219531,1.20500403551251
1998,pub,471,558,0.0050413335140262906,318,39,8.280254777070063,4,0.03420198005073402,2.3694267515923566,3.515923566878981
1999,simple,1572,9550,0.007734008419136285,361,68,4.325699745547073,3,0.055791009768044485,12.150127226463104,12.419847328244275
1999,newman,1572,9550,0.007734008419136285,361,68,4.325699745547073,3,0.027287615250301496,12.150127226463104,1.1844783715012723
1999,pub,538,618,0.004278208136902661,361,40,7.434944237918216,4,0.03295548822111312,2.2973977695167287,3.3605947955390336
2000,simple,1815,12421,0.007545232823372544,391,221,12.176308539944904,7,0.05692899013851038,13.687052341597797,13.948209366391184
2000,newman,1815,12421,0.007545232823372544,391,221,12.176308539944904,7,0.026441322610954575,13.687052341597797,1.1917355371900826
2000,pub,603,724,0.003988914783777679,391,42,6.965174129353234,4,0.03629644303750046,2.4013266998341627,3.4228855721393034
2001,simple,1998,13933,0.006983949397569828,422,357,17.86786786786787,8,0.05734360409510124,13.946946946946946,14.194194194194194
2001,newman,1998,13933,0.006983949397569828,422,357,17.86786786786787,8,0.026359613860063576,13.946946946946946,1.1901901901901901
2001,pub,656,810,0.0037702476261403835,422,43,6.554878048780488,4,0.03808889910706994,2.4695121951219514,3.448170731707317
2002,simple,2230,16696,0.006717806653831375,461,534,23.946188340807176,10,0.05759279637694187,14.973991031390135,15.217937219730942
2002,newman,2230,16696,0.006717806653831375,461,534,23.946188340807176,10,0.026367580782285984,14.973991031390135,1.193273542600897
2002,pub,720,874,0.0033766033070622777,461,53,7.361111111111112,9,0.03732977512247639,2.4277777777777776,3.3916666666666666
2003,simple,2439,18332,0.006165869698073519,494,603,24.723247232472325,12,0.05828330846374122,15.03239032390324,15.275932759327594
2003,newman,2439,18332,0.006165869698073519,494,603,24.723247232472325,12,0.026673109854618737,15.03239032390324,1.1976219762197622
2003,pub,783,970,0.0031683504652902307,494,67,8.55683269476373,11,0.03777029527398335,2.4776500638569603,3.4329501915708813
2004,simple,2740,22673,0.00604221797608483,537,775,28.284671532846716,12,0.060358345359863584,16.54963503649635,17.446715328467153
2004,newman,2740,22673,0.00604221797608483,537,775,28.284671532846716,12,0.02662899997865536,16.54963503649635,1.2244525547445255
2004,pub,857,1081,0.0029471422807227994,537,95,11.085180863477246,11,0.008985704231949783,2.5227537922987167,3.6242707117852975
2005,simple,3016,25491,0.005606582472254114,586,858,28.448275862068968,12,0.06017969389483037,16.903846153846153,17.746684350132625
2005,newman,3016,25491,0.005606582472254114,586,858,28.448275862068968,12,0.02654169552438855,16.903846153846153,1.2281167108753315
2005,pub,939,1196,0.002715768487548565,586,107,11.395101171458998,11,0.008853879993691333,2.5473908413205537,3.642172523961661
2006,simple,3290,27331,0.00505156268338507,640,905,27.50759878419453,12,0.06032467854625355,16.614589665653494,17.425531914893618
2006,newman,3290,27331,0.00505156268338507,640,905,27.50759878419453,12,0.02680441049103282,16.614589665653494,1.229179331306991
2006,pub,1023,1266,0.002421793849102731,640,111,10.850439882697946,11,0.009000985455793378,2.4750733137829912,3.558162267839687
2007,simple,3638,29806,0.004505341306887567,694,1016,27.92743265530511,12,0.03518275187113944,16.38592633315008,17.388675096206708
2007,newman,3638,29806,0.004505341306887567,694,1016,27.92743265530511,12,0.027222425915510436,16.38592633315008,1.2707531610775151
2007,pub,1140,1615,0.0024875621890547263,694,135,11.842105263157894,11,0.011939871831873616,2.8333333333333335,5.973684210526316
2008,simple,3914,30473,0.003979371984505613,747,1061,27.1078180889116,12,0.0351874640555091,15.571282575370464,16.508431272355647
2008,newman,3914,30473,0.003979371984505613,747,1061,27.1078180889116,12,0.02784656050885192,15.571282575370464,1.264179867143587
2008,pub,1232,1773,0.002338137086309304,747,149,12.094155844155845,11,0.011477174690849228,2.8782467532467533,5.808441558441558
2009,simple,4351,34160,0.0036096867677400096,808,1180,27.120202252355778,14,0.03575836474487567,15.702137439669041,16.60583773845093
2009,newman,4351,34160,0.0036096867677400096,808,1180,27.120202252355778,14,0.014576541944028416,15.702137439669041,1.2709721903010802
2009,pub,1357,2016,0.0021911947880866828,808,188,13.854089904200443,13,0.011748863989067783,2.9712601326455417,5.929255711127487
2010,simple,4760,35465,0.0031311747224630555,891,1222,25.672268907563023,14,0.03623855968698268,14.90126050420168,16.191176470588236
2010,newman,4760,35465,0.0031311747224630555,891,1222,25.672268907563023,14,0.015002119353858633,14.90126050420168,1.2724789915966386
2010,pub,1483,2090,0.0019018967097186922,891,198,13.35131490222522,13,0.010911807237922289,2.8186109238031016,5.673634524612273
2011,simple,5146,36921,0.0027889985598370157,969,1291,25.08744656043529,14,0.03638839544029978,14.349397590361447,15.657598134473377
2011,newman,5146,36921,0.0027889985598370157,969,1291,25.08744656043529,14,0.015285037677792969,14.349397590361447,1.2757481539059463
2011,pub,1617,2226,0.0017037418027517038,969,218,13.481756338899196,13,0.01077711953718524,2.7532467532467533,5.495361781076067
2012,simple,5567,37983,0.0024516294851578083,1051,1415,25.41763966229567,19,0.036190649893052165,13.64576971438836,14.871923836895995
2012,newman,5567,37983,0.0024516294851578083,1051,1415,25.41763966229567,19,0.015489354210872193,13.64576971438836,1.27429495239806
2012,pub,1769,2401,0.0015353665056055904,1051,260,14.697569248162804,18,0.010728712905434349,2.714527981910684,5.278688524590164
2013,simple,6197,40341,0.0021012791441078187,1140,1610,25.980313054703892,19,0.03615823944148931,13.019525576892045,14.14458609004357
2013,newman,6197,40341,0.0021012791441078187,1140,1610,25.980313054703892,19,0.015612545346178194,13.019525576892045,1.2765854445699532
2013,pub,1985,2781,0.001412306004712765,1140,338,17.027707808564234,18,0.010635451829736832,2.802015113350126,5.161712846347607
2014,simple,6801,42384,0.001832948441838138,1258,1952,28.701661520364652,19,0.03651218222146167,12.464049404499338,13.605058079694162
2014,newman,6801,42384,0.001832948441838138,1258,1952,28.701661520364652,19,0.015883341344922353,12.464049404499338,1.2805469783855314
2014,pub,2185,2992,0.0012539710480213913,1258,411,18.810068649885583,18,0.01046267567203332,2.7386727688787187,5.016018306636155
2015,simple,7529,45673,0.0016116570302940568,1379,2118,28.13122592641785,20,0.036580639522915515,12.132554124053659,13.238677115154735
2015,newman,7529,45673,0.0016116570302940568,1379,2118,28.13122592641785,20,0.015947265622056464,12.132554124053659,1.289148625315447
2015,pub,2447,3978,0.0013292429096184992,1379,455,18.594196975888842,19,0.010553734677696849,3.2513281569268493,5.428688189619943
2016,simple,8169,47740,0.001430960959524367,1494,2263,27.702289141877827,19,0.036542083358173584,11.68808911739503,12.74109438119721
2016,newman,8169,47740,0.001430960959524367,1494,2263,27.702289141877827,19,0.01611666589478302,11.68808911739503,1.2858366997184478
2016,pub,2650,4233,0.001206008675399047,1494,495,18.679245283018865,18,0.010197932185449404,3.1947169811320753,5.283018867924528
2017,simple,8819,50060,0.0012874530601069553,1606,2546,28.869486336319312,21,0.036692176808225035,11.352761084023133,12.396643610386665
2017,newman,8819,50060,0.0012874530601069553,1606,2546,28.869486336319312,21,0.016331904944172637,11.352761084023133,1.2873341648713006
2017,pub,2861,4565,0.0011158013604710565,1606,589,20.58720727018525,20,0.010208217590051635,3.191191890947221,5.258301293254107
2018,simple,9554,54256,0.0011889203301322518,1700,3040,31.819133347289092,20,0.03697519138025807,11.357755913753401,12.50345405065941
2018,newman,9554,54256,0.0011889203301322518,1700,3040,31.819133347289092,20,0.016380653164227803,11.357755913753401,1.3018630939920453
2018,pub,3101,5124,0.0010660452923614652,1700,699,22.54111576910674,19,0.010494905252680384,3.304740406320542,5.385359561431796
2019,simple,10499,60191,0.0010922122675918785,1809,3424,32.61262977426422,20,0.03730762736844096,11.466044385179542,12.65891989713306
2019,newman,10499,60191,0.0010922122675918785,1809,3424,32.61262977426422,20,0.016286429574629165,11.466044385179542,1.3058386513001239
2019,pub,3353,5645,0.0010045148895976744,1809,780,23.262749776319712,19,0.010382311339263081,3.367133909931405,5.444676409185804
2020,simple,11373,64946,0.0010043163054817646,1908,4078,35.85685395234327,22,0.029583188882401485,11.421085025938627,12.671766464433308
2020,newman,11373,64946,0.0010043163054817646,1908,4078,35.85685395234327,22,0.012416198255677243,11.421085025938627,1.3275301151850876
2020,pub,3660,6716,0.0010029913515144184,1908,1003,27.404371584699454,21,0.01100289984208304,3.6699453551912566,6.027322404371585
2021,simple,12162,69740,0.000943056366170694,2022,4484,36.86893603025818,20,0.029587350072001726,11.46850846900181,12.679657950994903
2021,newman,12162,69740,0.000943056366170694,2022,4484,36.86893603025818,20,0.012314459121680681,11.46850846900181,1.3272488077618814
2021,pub,3896,7109,0.0009369406889789205,2022,1137,29.183778234086244,19,0.010894373418889223,3.6493839835728954,5.949691991786447
2022,simple,12946,76954,0.0009183823681660224,2121,4957,38.28981924918894,19,0.02968221810147282,11.88845975590916,13.160821875482775
2022,newman,12946,76954,0.0009183823681660224,2121,4957,38.28981924918894,19,0.012233007756327473,11.88845975590916,1.3355476595087286
2022,pub,4124,7659,0.0009008864892433518,2121,1249,30.28612997090204,18,0.010905207622145937,3.7143549951503396,6.080019398642095
2023,simple,13608,81288,0.0008780105788998271,2202,5349,39.307760141093475,18,0.02975034169671003,11.947089947089948,13.232363315696649
2023,newman,13608,81288,0.0008780105788998271,2202,5349,39.307760141093475,18,0.012212193580720366,11.947089947089948,1.3463403880070546
2023,pub,4349,8222,0.0008696180090253276,2202,1376,31.63945734651644,17,0.011259828688601838,3.781099103242125,6.211083007587951
2024,simple,14481,89467,0.0008533471750562082,2294,5841,40.33561218147918,18,0.029826209544495344,12.356467094813894,13.653062633796008
2024,newman,14481,89467,0.0008533471750562082,2294,5841,40.33561218147918,18,0.01206216617242987,12.356467094813894,1.3545335266901457
2024,pub,4581,8901,0.0008484827686790607,2294,1497,32.678454485920106,17,0.011222062081991455,3.8860510805500983,6.373717528923816
2025,simple,15012,93378,0.000828755422149523,2335,6239,41.56008526512124,18,0.02990482422617663,12.440447641886491,13.844124700239808
2025,newman,15012,93378,0.000828755422149523,2335,6239,41.56008526512124,18,0.012005089960144913,12.440447641886491,1.3642419397815082
2025,pub,4734,9425,0.0008412916848872147,2335,1616,34.13603717786227,17,0.011211219630861016,3.981833544571187,6.530629488804394
