;F1;F2;F3;F4
barbarian;0.20202462002855487;0.0170652159781905;0.0050883737105840866;0.016237119936635677
barbarians;0.006252727026343292;4.2226471108034336e-05;0.010557080642682227;0.016618897894064077
romans;0.140946236505837;0.11249786258746448;0.0010297391106223672;0.026828376585896554
arian;0.3392154399212877;0.32601339276777785;0.0016304795429771047;0.0385372688036301
goths;0.2906844710979877;0.001965037549091096;0.007697505536250205;0.0034137880742146466
roman;0.020862621348609254;0.014363889150611158;0.02739435027394596;0.11947479606740118
barbarism;0.00807211162891847;0.006267924823388343;0.03828487744297336;0.01892735868102637
empire;0.005044428484321862;0.028018864654214833;0.022508135538849568;0.0699554954115103
civilization;0.05022340985170749;0.00018698682562476795;0.02072533038634894;0.019999240444946043
bishop;0.39734351306058924;0.11109932692679503;0.002315073837602122;0.0052627898453641245
huns;0.07397299095411451;0.1327203334534556;0.22933183327094678;0.03806642180040783
imperial;0.09525101240222687;0.02483978349070573;4.207893156248546e-06;0.16748528635871907
invasion;0.048515003373643666;0.10873194917178806;0.02604057961618356;0.024501582160065052
army;0.11999735988924089;0.15383058292714105;0.0028905186005748484;0.05008572557574171
vandal;0.08437617766793976;0.0005162163585664453;0.00012734920269091097;0.001777398416181329
civilized;0.006881273329355163;0.011594062818917774;0.012321211935534796;0.03573892190926578
nicene;0.30543030314676584;0.34252266909728407;0.0008987596575170913;0.04872840844205821
salvian;0.001390982732195098;0.0011039881053396471;2.803005098912785e-06;0.0003043958661464542
barbarus;0.0009858478013968245;0.0031269877247134233;0.02019138520172531;0.011866529568862291
gothic;0.30027565861075634;0.002568386948496934;0.004704095962447956;0.002759821429005136
people;0.006644994480732711;0.10412489243091264;0.2147768629130844;0.06586308704154685
gates;0.015049706718811333;0.07085814535106097;0.2991452628399997;0.24583260738049745
tribe;0.02627612158476332;0.14733759087236664;0.0018822280665679453;0.009995489250141484
chrysostom;0.008782851207628967;0.000377633249663342;0.004085335637541525;0.004111957252347964
jerome;0.03786251305564509;0.041385126375403605;0.30110907176746793;0.03872107542906962
visigoths;0.1456883462265753;0.1445938091937356;0.0010583180583852618;0.04352948343272253
gaul;0.035063740314946065;0.002663781091191612;0.01574497979107621;0.0451796198002358
bishops;0.24911388722386973;0.2367041461278748;0.00039548706055347595;0.003326908237896485
soldier;0.0973423013232846;0.13368740846332589;0.006388795826823351;0.04605935370391594
fifth;0.06026601151824255;0.0021349181346352435;0.032612960426548966;0.12554019974149558
germanic;0.006712873121598936;0.045795528400014635;0.02294623651368276;0.01260526534962884
scythians;0.008390042989956489;0.047727330844261305;0.07565829082427418;0.05646990037794325
nicasie;0.004590219708417098;0.01444876048664074;4.2337908354437604e-07;0.011953292554215763
emperor;0.21751910035436775;0.02515495125325884;0.0006450390406375754;0.13552418097167418
military;0.07517620751560068;0.16960520957208503;0.007848503942018933;0.0323024421569872
christian;2.917085739033772e-05;0.0012477421667852905;0.03729204123905657;8.625416614458086e-05
rome;0.02493247102483036;0.0004240397824666009;0.1768362172687399;0.21823065886215268
group;0.00010511700064726305;0.06186840870931703;0.0018481803840961896;0.09648335808867745
franks;0.0057050914734536814;0.006452069270802437;0.010849892444842036;0.00042640506921120744
frontier;0.011062661987516468;0.008899123960221727;0.000512318617400129;0.0036623019723140953
hunnic;0.05642782915449718;0.12150996387639831;0.19809615814925252;0.03626253127773575
elton;0.010809029131937027;0.009682200736876806;0.004090621722502168;0.01791858615051523
identity;0.11805432052397478;0.00010192924958927627;0.06003684302854485;0.05401442248900095
oikoumene;0.01713130650262381;0.08202615441051642;0.36716199115281756;0.2883989356127298
visigothic;0.06543513732213313;0.03399735998323056;0.003494013285152166;0.0029761948618570663
gens;0.007186521579689842;0.0004333208043678226;0.019239615247214306;0.018432696430777554
constantinople;0.21976267041789008;0.015212034228540908;0.014702263539715052;0.0525091574007925
fravitta;0.042154603014324235;0.00115616168241036;0.001455238208612678;0.0032910783708989884
tyras;0.0006388782859715015;0.000912112422088274;0.008467681459061736;0.003419710346745022
antiquity;0.08762853479309848;0.08625015240691683;0.14514846069287707;0.04649496942145082
pohl;0.037049515495125966;0.004658478951334106;0.00042746807603332516;0.0033292301022583687
ambrose;0.03624185923828994;0.013040087031328132;0.00720221511493163;0.0013678989072986316
acts;0.0009499160927749876;0.00036799862931429276;0.013398972093539172;0.004298410559607628
ethnicity;0.05031315518033847;0.0015905097637178018;0.00821000085168775;0.0312731844193014
non;0.04595111389508797;0.05260523005832835;0.06081026187781521;0.0044782647769846026
caucasus;0.01717355123723093;0.08007123407834373;0.34153939448101356;0.2760132781946452
valens;0.18860373541733377;0.007197978923361007;0.0014958837769592282;0.010768388104474011
europe;0.29237540912502763;0.012262341892179639;0.0034911082057862606;0.01814249288107627
moral;0.0006383068047722348;0.01925901298799083;0.12413963363144587;0.03487619490557095
alaric;0.07730081133026492;0.02061700077579379;0.08797307875332229;0.07701872094483252
ferocity;0.00741431923320124;0.025907097818169685;0.016577459790590342;0.01444109664485485
romanitas;0.004321537380087162;0.00013933224479801255;0.007638294234704945;0.0022341382776121426
goth;0.14748217755159418;0.011297582840354172;0.00936917031218651;0.014714642840843556
barbarization;0.005061967900913355;0.020257131758056032;0.001382411318155446;0.008407589544173675
mathisen;0.0018738205795265017;0.009977328130454707;0.009663280347729326;0.005299639872028118
church;0.10486054992169776;0.052589777576944545;0.015246709558482794;0.0237347560147499
28:1–6;0.0005775133850761292;1.886331527493907e-06;0.0089372352122896;0.003943580415652521
romanticism;0.002465436546445022;0.0012554310228653255;0.005713374138997176;0.005179004119584306
settle;0.05676171966216434;0.08602527560689985;0.0014733113841970801;0.0023009799931866
burgundians;0.03323137963840913;0.0002782468758970177;0.009788362773112163;0.0009397164695784854
chastity;0.0004069731367971179;0.0008424764710416133;0.0011714184374534604;0.0006408547935213035
federate;0.013507830928278364;0.0282378260990663;0.0035692102717910317;0.01040853540924131
cultural;0.27938357676059117;0.012195036491584486;0.04099073065244839;0.07463602417629266
ethnic;0.014882217791148537;0.010198537276581907;0.04170492954448113;0.061919107910991325
stilicho;0.040139974154193424;0.03601211049489859;0.06319874060231923;0.0014061948330457096
danube;0.07498993977650562;0.0968231076496096;0.06586137588129948;0.0033157188658191846
heather;0.00028353765702039945;0.0023369180991216526;0.09648960041408906;0.004245437265085876
political;0.004743226170233696;0.040441486335999706;0.15804816798687615;0.027981205262189463
arians;0.2868299702003315;0.19509039688112242;0.002104150785610336;0.014802390668024119
ep;0.014334325441078813;0.0018863543119169903;0.05212083773367904;0.0003679460443164383
synesius;0.013386529982529668;0.011455878128352278;0.033040178774684605;0.000518272074742462
greeks;2.669094330612141e-05;0.028481633387808333;0.015824207269365877;0.0058668036015053215
gubernatione;0.00016444517597133284;0.0005816701969261662;0.00042979259234903014;1.2291721974907474e-05
late;0.03283312356845621;0.027360287859305738;0.09540368742372153;0.06430385517304187
byzantines;0.016323045035942473;0.045141117928172186;0.004393626093318747;0.015947272010857626
orosius;0.018021888183403778;0.0031535398846799087;0.03615833197739886;0.03691485358193668
amm;0.002715512944538096;0.0010317049921712645;0.010118884241120335;0.002330075177820334
savage;0.002038516828334449;0.021398802559891218;0.02097389758100982;0.10119208767689386
herodotus;0.002892381595394676;0.029189409193806286;0.07787809372014969;0.04313399615415539
romanness;0.015031276032657472;9.737787953858247e-05;0.00033614561587340174;0.002390484588641773
βάρβαροι;0.0006813597477081015;0.00015372417524911773;0.0010207091299321205;0.0018556425421800225
28:7–10;0.001341899886418089;9.504457228880765e-06;0.01356029331053414;0.006290750468782886
fourth;0.02858848713624359;0.00046693905015533115;0.01879435725425964;0.11284857714266512
arbogast;0.004292822743758198;0.001443523986925105;0.0009317995712688361;0.003371238605420995
vice;0.0012128968201607301;0.005061835420707395;0.004840805007695704;0.0033871854880954387
culture;0.31978172371688957;0.02409047590279745;0.009135376736317515;0.05086272722221479
gainas;0.023632092077820643;0.0008048932537440145;0.007862293552080088;0.0009376148048578474
identities;0.08418814697440828;0.026475484577588186;0.00571918905388955;0.0005268157419100274
incursion;0.03531706668513686;0.1184057739130863;0.3009113352114991;0.15269191557016723
justinians;0.011239503625731243;0.032212013944001666;0.003643031452848139;0.015271078594282327
italy;0.015774184266985833;0.0023965365182517877;0.008087362295218238;0.06517672947422676
richter;0.02229933453830731;0.00028452661897729185;0.01297966288597347;0.012476932007217587
officer;0.046577935321349816;0.07755803606720718;0.013663262888015691;0.019534936607832374
nicenes;0.19991859723225325;0.1872687462580047;0.0012997915342799463;0.01731503221912461
barbaricis;0.0011072065023282915;0.0004915860973388231;7.736129484185717e-05;3.111336115742738e-05
goffart;0.004003424063358367;0.004934606685743638;0.012635168836171889;0.015489243285261101
theodoric;0.04346188578041449;0.006989387924150356;0.0008572691943518455;0.02256777980353166
procopius;0.030407939075230445;0.02199365477527893;0.0030953575151999205;0.04110120127664325
christianity;0.005850261610697898;0.010412116143284939;0.025559962922342118;6.829506933861617e-05
amory;0.008318941857793636;0.0002332530131255082;0.000197260760521645;0.0005944781475780676
migration;0.06543915486504233;2.3758557713019334e-05;0.0007068524665233586;0.017211752165726135
militum;0.05790722297580849;0.027036774171047273;0.01225748477016835;0.020933731536616602
fabiola;0.01690311691246687;0.05885680115609229;0.28480906677298046;0.1886122089841102
kingdom;0.0280423365958018;0.014932427457959934;0.10919906754958847;0.0008661513918215455
sacerdote;0.21485104347512973;0.15839699333647805;0.001617330178317515;0.01508182095751748
barbarous;0.0002943139556312676;0.008844606305691382;0.029966031548163956;0.01950052858589977
defeat;0.13820970216841819;0.1712190583413197;3.041167664076535e-05;0.015453855114094039
maenchen;0.0023434821770802927;0.011653529681104039;0.024026814133736748;0.009021692584796884
geary;0.05673388301479736;0.016097035124637102;0.0028349221402859054;0.00460190753713036
claudian;0.010188331889014803;0.04813520151767775;0.23594263119104145;0.14902437712611108
sanford;8.139894549551022e-06;1.748765688918725e-07;4.513268661430153e-05;3.863321037232387e-06
helfen;0.010005184362572387;0.04558567648638836;0.08585762508871714;0.02475290465010316
28:1–10;0.0011705035060430374;0.0006624820667975176;0.020892588058378174;0.004951710509539838
shanzer;0.01279636037070279;0.017434281981385275;0.017115038136239425;0.0066008462921290445
troop;0.09785670157632284;0.1501466355080549;0.0029599225456728682;0.05236442691410263
episcopus;0.24415594049976425;0.20221402920330547;0.0005717161929172959;0.02041089211806247
act;0.009343625987376083;0.005501121816771792;0.1026242171269733;0.021015963316931504
pagan;0.009926355020390054;0.00037174891305694893;0.026370009307174317;0.005156480964649736
byzantine;0.006213029573617941;0.03428004651243661;2.5272871012566158e-05;0.05177983014077462
generidus;0.00029449046694700456;0.0007272470630249345;3.508414926157942e-06;0.002374345361727682
invader;0.023818492212203664;0.08941715997244538;0.015400013673943653;0.00031669855781995784
rufinus;0.0353735016808304;0.025023489581861003;0.22381490736096546;0.17282907791768312
warlike;0.009113885115804068;0.01932058461907218;0.009863503079779174;0.00037057434549924665
otherness;0.05055044004560729;0.00011673666811568832;0.011839671075800234;0.01675175130449395
gentibus;0.010284238446686618;6.727654566012557e-05;0.01257854218511528;1.1674443496291177e-08
heydemann;0.029784746641432307;0.005987947053046836;0.0001728606643426839;0.0030636551666367094
alans;0.025376132893453977;0.040579181354972405;0.044623139034726006;0.004979108259341631
origin;0.017510587920354856;0.043772023337669615;0.01996982721994851;0.05516941029755401
gerda;0.006693040267743885;0.00178663915854095;0.000132043526042857;0.0006316769749705185
ostrogoths;0.07541685951286238;0.005537515204566662;0.0027491952825738257;0.015029595691525222
transformation;0.1323835745659565;0.045430932845145995;0.010251912636189235;0.010116096195017629
diocese;0.0691567871716212;0.030674830128885767;0.0009281631502839754;0.013690464540501084
apply;1.6606473072427104e-05;0.07679415530946368;0.2210305919952024;0.07734777447594472
nation;0.04900547579286026;0.03001195306953134;0.12008716598795278;0.11340545534972016
cherniakhiv;0.00033289071907054103;0.0002648245076003647;0.003431027410879272;0.0007228280989187815
celtis;9.348262414487815e-05;0.000901016402900939;0.0042219739904934975;0.0072102581548379304
lewdness;0.00123330633546767;0.0007114350891426125;5.908919326789859e-05;0.0004093940667217971
jer;0.009452284505090246;0.007999347536730666;0.08574975477740839;0.004012414370780581
scythian;0.005251952824360553;0.03135553176026347;0.05802967204117821;0.03426517350369991
halsall;0.028579580473204247;0.019361505983129777;0.02280050548541575;0.001699104466326474
rank;0.08160895022138234;0.03507363484730084;0.028104551137285418;0.008000890912413544
view;0.03253642858464781;0.0013077750435581642;0.17416445223408175;0.07346300020943755
province;0.09841049139341997;0.05716430440008134;0.004614631119894421;0.04085177124879736
jones;0.043405458507319604;0.004807636129070338;0.018191804986137892;0.025423923449416696
sorte;0.008278012378376894;0.004472901369272062;0.000543971231435338;0.004839613728946427
apologist;0.011394360560702721;0.0052527743509761795;0.0016852490761930933;0.01799165222563779
prosper;0.04741393879687212;0.004091879347632096;0.030862683068709557;0.11746325451039795
greek;0.001306624777109163;0.010243561972458029;6.590610638929778e-05;0.0019250412410500896
ammianus;0.019085164598336833;0.007460216657384777;0.021057352968675447;0.008469588831269515
cyrila;0.19234785053883802;0.19482078219376034;0.00026681609580097096;0.01681042716256217
lagarrigue;0.0011625325956021858;1.5292049516755488e-05;8.195195570994314e-05;0.00034762918176669514
territory;0.045001749837501194;0.10852584217762687;0.021646766234101385;0.0015176505671073194
plre;0.025701735192977478;0.0005011746054794196;0.005586582313330764;0.0002243672928189308
presbyter;0.20219831144943093;0.19505293332905116;0.0005998469468297509;0.012591804168351851
rhine;0.003970723660848961;0.019591999496984782;0.002160097056492223;0.014852590449807461
virtue;0.004628651140938627;0.005255881369455363;0.03808862832161791;0.004230844183148072
recruit;0.03623431630305663;0.07560783267468968;0.003995749940647369;0.036663361311743595
sack;0.06078975040521835;0.013202775286085133;0.07167353235182193;0.11200941048569114
sors;0.0013056435054550062;0.0028676873713947685;0.0008765255814759822;0.0023344672242303736
heathen;0.002026839407787729;0.004128500766488899;0.04925035411095103;0.005194354379310782
sacerdo;0.15157542051377204;0.14694878825681965;0.0015385899322393171;0.018486758352061254
eunapius;0.023501797378161476;0.00030614568029257896;0.004393290623119543;0.004771180639258954
paleogenomic;0.004176084106732642;0.00219670272920743;0.004838432165044179;0.0005728705575351188
germans;8.059055652856984e-06;0.028076177194928494;0.0444592279108268;0.023740868528084498
attila;0.06792288232723993;0.06400898681145367;0.06647406319222604;0.011211606290816042
barbaricum;4.28514809712323e-05;0.010479625327849292;0.0126918290078243;0.010296868370321698
plunder;0.0837170802797058;0.06958652286341335;0.0004695621871953305;0.04534464568930849
magister;0.027280252003336763;0.013587663420401248;0.0031473939119700417;0.014883474170673264
marc;0.017671346536304644;0.011158736182097518;0.03382510557835346;0.0001474573334167393
cleric;0.2069956559271707;0.11529888884452053;0.025242156911495506;0.008553372315770228
civilian;0.014890119622632977;0.0530565264276433;0.004039086612533418;0.01814328393426497
uncivilized;0.003537678059000703;0.0004838795941857307;0.002207099125686766;0.010356401097600415
lombards;0.02267907782735612;0.0011307329947366155;0.01809467934457458;0.0005302073077846306
pasquier;2.0602415892101472e-05;0.00041596662267870453;0.00013701175115341777;0.00010178914630001327
hydatius;0.041838424387731894;0.0005383715678411805;0.050421128985282844;0.0618451457015113
adrianople;0.015575004319273559;0.010450442422043876;0.024136833592384974;0.01006327026185072
406;0.007036133109373623;8.941706815583868e-05;0.01600580199915345;0.0008590716992176801
pejorative;0.004689826088352677;0.007852020509619398;0.03170395828043528;0.027929049281282974
savagery;0.0006266190904019245;0.020331159285188378;0.029885163788207058;0.056488222204410514
salviani;0.0011855209015894691;0.006759049244700544;0.0006797748707532583;0.0008446734733039822
rhomaioi;0.002030024787484865;0.003943937718805366;0.009353510450214866;0.00020187954276242514
othia;0.15137614839350474;0.14624875024629716;0.00044327979194852616;0.010564486862012678
massiliensis;0.0006469662940180594;0.003475842356379549;0.0024169134107937572;0.001151361500646293
bruni;0.0010970573179218397;0.001891479038773887;0.013466060802417404;0.008199942708594117
recruitment;0.011333671321907962;0.03741905191221025;0.0032885595820963576;0.025181026191454355
ostrogothic;0.05501923530264443;0.0022157716733395595;4.9332639258857066e-05;0.00470997888902424
sixth;0.04055398818646292;0.012222614674618246;0.018518559846314453;0.10095562269447378
prejudice;0.0001367750453166577;0.017421948482563083;0.04484769043227424;0.002348227863508937
theodosius;0.07672442467412537;0.0139760186100449;0.031070885683720986;0.04841629588965777
furor;4.294362396426681e-06;8.020642117715627e-06;3.1501149448621266e-05;0.00013280400582677118
greco;0.0018225208316218463;0.01861633567363917;0.061341905210431105;0.056335006045974856
maximinus;0.19448263322947104;0.11884978719356362;4.251882529830222e-05;0.004884165070772606
bosporus;0.009455127095802594;0.0015179486357344751;0.0027635180185001393;0.0013137237876553955
caesarea;0.015879500152410884;0.009703996366666032;0.0009666032007701353;0.007776406383940056
arianism;0.21467381324804272;0.19077073436014538;0.0035623580218566296;0.00465267594622167
cadastral;0.0006477570394441413;0.0017421610196516153;0.0008853530768634871;0.0004617260513188162
adversarial;0.007185327666727547;0.003087815202375493;0.00349289800582558;0.000361110230529623
term;0.0007052453497613657;0.06778515727138008;0.22196253483054326;0.09460324978544403
invective;0.010261321839172307;0.027301939006307972;0.11736066195818431;0.11113729127872406
senior;0.14912722865520814;0.11043930475574239;0.006815651846528958;0.004741916587458635
barrier;0.004074906534537904;0.07497411342619158;0.1700718565031701;0.18346846453513768
episcopi;0.13664707063583936;0.16479511860223728;6.406740126483609e-07;0.009847900749765796
armenia;0.03653006418050186;0.03727209785066151;0.005154189338536881;0.004936500477215676
syriac;0.012786993688610474;0.002101394007505249;0.004172299151420498;0.0069679984693446035
honorius;0.07378136688597449;0.029314397211834105;0.02628847802915313;0.055405475827118744
4th;5.5210162698473416e-05;0.0037249273939896424;0.03273108438002851;0.0011454043938416137
fear;0.05025280787287219;0.02538721707763175;2.9470781472225077e-05;0.062426146513951265
teall;0.003150853982466438;0.01277637498081678;0.00031575108506175004;0.015267271663812311
presbyteri;0.013353199025305315;0.03151150982366284;0.0004132451664974134;0.003331180102312798
speak;0.0022208861460611875;0.044718226409666585;0.1815916501044149;0.07714855525405309
inhabitant;0.007501763788840641;0.05627525832468845;0.04129982875752129;0.008969402149164286
chron;0.02247898721099477;0.0002834551734129061;0.024714835250112338;0.06368389713646178
corruptio;0.000696783533590083;0.0022361100378201692;0.02076967631949296;0.0026383586540689574
valentinian;0.07904200003258278;0.001762659433479919;0.015355459479411472;0.09003111851430985
general;0.01046132498432087;0.10164012259746574;0.07289953875488601;2.553880916961912e-05
employ;0.02584858672002389;0.09383554983426629;0.005229917577151177;0.1215361499815234
classical;0.060311632833602254;0.008963662084730864;0.0033780529899007;0.0031279412899198585
promotus;0.010337149064260188;0.0039234328864908;0.023159815483718323;8.50219644940507e-05
orose;0.026951685014946866;0.016501957332452587;0.01521834532594209;0.008361138030213279
society;0.31435868856283117;0.03271086844864672;0.026522395657068584;0.041544128252340586
antagonism;0.0020926801811911966;0.001751285078290302;0.019494943340530698;0.010711349870344606
395;0.02492014143234241;0.06408282144384256;0.28192764232930906;0.09268641211213986
barbarorum;0.011214573888575864;0.0010721991554818579;0.0052643337474342486;0.0011433018278415666
foederati;0.0356134736502394;0.02473282090113489;0.023217459772661708;0.025255648700266833
kindness;0.00015155100875464475;7.65456164507124e-05;0.0016495698485618875;0.0026891756408113613
victory;0.1394031868508983;0.1448698758781068;0.0037964635797283386;0.05469578683936117
dubos;0.002470698114267595;0.00015028627230804267;2.8240020470184373e-05;3.215503406400251e-05
fashion;0.0183046324723192;0.002911709811326;0.03776807871394077;0.018661612370200475
patrick;0.020999794946071557;0.012995455982987967;0.008332325794096372;0.00012265216511703878
lime;0.000613463281787878;0.008354223233710335;0.002916933037113838;0.02126112715071032
vandals;0.004520956965172091;0.003098976570262941;7.893683367968272e-05;0.0033043327131926387
conant;0.00031369663345634426;0.001814083973660056;7.947343024876891e-05;0.005285789811497199
tours;0.02989346039590452;0.07346003246731025;0.008742709085359545;0.01237018964184422
purge;0.0021268309284867876;0.002619317394949017;0.002073075287799707;2.558271562051037e-05
leo;0.053812597674689426;0.004384016345836765;0.04316971893526346;0.11414235690415656
world;0.21278190913198802;0.006818603719738215;0.009168733757599093;0.02349704169846894
civilizing;0.0015487678441016787;0.0008008564011444351;0.004454689866571779;0.006706895312584113
latin;0.004060717796086572;0.001902856107696337;0.018895111373647407;0.011940942442658673
οἱ;0.0004852256009221234;1.3454142744342947e-06;0.0011483816784515469;0.0006805019520868591
unification;0.017661859089338396;0.003889812744649586;0.004653916057779291;0.012529326828716431
windisch;5.356029848402978e-06;2.1714562241630544e-05;0.0013537817102460927;0.0007842220549861853
intelligentsia;0.0014992561019756625;0.006049662177783089;0.005203111204204005;0.009548830217163873
adjoin;0.01876292576687863;0.004643673832565316;0.0018859764259003492;0.00569932378740061
clergy;0.16277431695407413;0.03467156130435687;0.05255650557960929;0.0005385326483554159
zosimus;0.03776567835770779;0.00013004922130538664;0.023262480387104174;0.03754473219141264
hom;0.0021803141718676326;2.131643991934207e-05;3.619920507279574e-05;5.873328487774433e-05
moslem;0.0001979473032777466;0.002288372679275547;0.014757728668413262;0.0005819676678182774
city;0.06044927411824033;0.0015756515686868244;0.030609747609790995;0.06747701555871143
376;0.008470521497627451;1.0775300014385325e-05;0.034666109832927595;0.0019959034388726707
odoacer;0.03150769794996536;0.010669697766520478;0.0032306111018398243;0.01882963897615542
409;0.022864071744399386;0.002809569815954187;0.06978087218030657;0.024422929112923833
sasanians;0.005369371435349382;0.000528582872416112;3.88254416327233e-05;0.0068229470164708475
28:3–6;0.0010423060980735916;0.0009552977499207515;0.0020838861574496133;0.000738991468658862
quot;0.002248816683948748;0.003742294685212914;0.005062687214579239;0.0005205890440535703
namatianus;0.002358514261141252;0.0034451307479377584;0.004418138684253975;0.000366162985387337
mansuetus;0.01311604645493678;0.003155997821204461;0.00019359890730587682;0.001433060000500397
sacerdotal;0.19177342377652865;0.20074133223111823;0.0019754929572681577;0.01572340250794679
berber;0.0030034800910715967;0.03679265546607115;0.019769658562407533;0.0003329069404007843
deluge;0.0034372774785403183;0.0059573650759885246;0.032058051118711114;0.007194542674628147
agathias;0.0031264396942097816;0.01120534527993519;0.0007511954985417673;0.013205441370339582
451;0.030514107272966766;0.0016614727632610275;0.011266423245197114;0.045125119780043466
italians;0.00018916086465099234;0.007954076532077008;0.008098122591344657;4.9683325952392395e-06
ethnographic;0.006598881185384032;0.008872409324492422;0.005423941921704192;0.06432387275782958
foreign;0.0013417654165562;0.04153926474295543;0.07488661125008493;0.009301737217122486
animosity;0.0027259296704932137;0.0050211685555583046;0.0019360676738240012;0.001168503292887979
label;0.002986704626141167;0.01670615417041717;0.07062922096204342;0.024115012946492757
little;0.009696367119348553;0.006932062669092543;0.057384850934169646;0.0036821028942356252
dominium;3.180479025771431e-05;0.00021917581536403836;0.0015978284129300332;2.5503742694495724e-06
fearsome;0.013403139465645135;0.01515199422308094;0.1064853224197175;0.026326172777915793
cadastre;0.004931512294783544;0.006999398449792338;0.0025586078283704222;0.003355088303398979
dariali;0.006141599714760634;0.049807983599504196;0.2207640878612608;0.22597339500561112
381;0.031171198181200982;0.01018370890232233;0.0006209379336562497;0.005773728702169066
gallo;0.00027013751161915534;1.3324017322900067e-05;7.820760348083933e-05;0.001771084086643119
gothorum;0.05401162310629434;0.0010180963574268752;0.008261089412576151;0.016609111260116573
regular;0.017100001616572442;0.023876595766797064;0.01127644538350934;0.018737784543402875
eusebius;0.02288944203160257;0.015575277097028469;0.0003829944182489023;0.0004402198751531403
5th;0.0015463862663429567;0.010183934297483953;0.043413608153679235;0.004600317383557087
hilberg;0.0031642805395586783;0.0002301043152839281;0.03879754094209206;0.0018300825014609919
sueves;0.004222460546947713;0.000210912521825411;0.013560292545268629;0.031237391696825177
allotment;0.0016680395521209406;0.004043668302192661;0.0009831824849132493;0.001705643948200403
childeric;0.001766534917254742;0.0002484784726821069;6.326154457890942e-07;0.003172077428768621
attack;0.1259858718841502;0.10398709824671871;0.007063953169886314;0.01748296742039922
barbar;0.0010311947122801505;0.0032372684915706784;0.01663698887757934;0.001746651038760042
unchaste;0.0004999534509719603;0.0008382807558043779;0.00017002568463786598;0.0006629932818975104
cavafy;0.011313688302752579;0.0045194212733673045;5.897481748711769e-05;0.0009829761709299156
argue;0.0011818513979725772;0.05883242749506922;0.12111413162603987;0.05853636871492206
outsider;0.012134945083343137;0.00509947396782516;0.059226446967134264;0.030366210093168387
petrarch;0.005611758654784216;0.0002110605101921546;0.009804467396285012;0.07159099370360208
barbari;0.006511079517231836;0.002017902391169389;0.0022606982671669815;0.0015495289704555283
fornication;0.0010277301599654802;0.0007949461197013806;0.0015064863916673787;0.0014200921107868766
378;0.022091370224015233;0.0031492747228564102;0.01608528440823541;0.011724600367383318
writer;0.0017737159896328441;0.0033487746804106247;0.0958689461794249;0.03630127168280012
west;0.044224333398294735;0.0023799203882583185;0.009184070639736116;0.005151382959516093
eutropius;0.01885671672182258;0.031706097263062026;0.08376741218511544;0.01670170605007549
raid;0.04025018102588585;0.1131810675352997;0.009404633175645313;0.0019954517231668854
slavs;0.0016100457684681225;0.04236543472048981;0.022193610936980555;0.010121108373575494
enemy;0.048716300912868625;0.1308882608252002;0.01813031585209393;4.056845840789454e-05
alemanni;8.977769288457848e-05;0.004042048733637989;0.001422547448026573;0.006494341128290359
pinar;0.007055538442573487;0.015140915055293257;0.0018331815948204073;0.01328076193501886
struggle;0.007728970858022001;0.02987751714371246;0.031977874711137395;0.0012355421958883653
cesa;0.0031658814689549866;0.002550777498161513;0.003723628508716049;0.001784201177089098
layperson;0.1156136611101711;0.10029742360754249;0.002609269023718652;0.0022101174645713273
300–800;0.004318056469935938;0.0013665989372200612;0.0011778038628777803;3.7154835331074253e-05
energetic;0.016820187281664283;0.005070741302667395;0.012775605545164858;0.00011288194542943448
code;0.00010745736655790339;0.003780502683162516;0.0783718389328723;0.009148746373179176
early;0.19518972813934043;0.09481069574128066;0.002153498633927384;0.00015369655466567785
contingent;0.01700288115022987;0.03006404350646957;0.015221118486792709;0.001818111548522945
dislike;0.009041685089112465;0.007156877018626784;0.015829957698082597;4.175807433072426e-05
frankish;0.005082060181433293;0.00048735625323226116;0.02782234727714623;0.000524433919089018
periphery;0.05423982777164891;0.0007160448797407259;0.016888319673980856;0.00769642641625906
paul;0.01866664964853568;0.02941995961755454;0.0010616449929528235;0.0005306229796647586
usage;0.011150753246210208;0.0050388803931015;0.05025898555819941;0.03549053583374062
career;0.026574698864425556;0.0048427437545776626;0.0007391536534372217;0.0006919471540070612
habit;0.0018727139157240418;0.003857352191934722;0.046356738868731054;0.01960651871395261
revenue;0.006283133789471525;0.005190236582695447;0.0061487870103050886;0.006633568436736573
511;0.02744695094404804;0.006229666112326599;0.008281611235197705;0.00792103080708854
belisarius;0.03718222217460839;0.04728195516522397;0.0005859760185515578;0.03546076936661781
recede;0.00864836778249664;0.0009510889526452996;1.3911238314920912e-08;0.020511180692705612
palladius;0.030498789555563486;0.027662092555721777;9.174702804529947e-05;0.0006331933726204232
incident;0.009783950756436946;0.004773714791905558;0.0427756923754015;0.0029703505505469323
manner;0.0032081002621747834;0.026013400047884175;0.11758081073760304;0.010406504974851908
lombard;0.005882044524167073;0.00018610311718090034;0.02781439876111494;0.00051443348839273
european;0.2232681943676442;0.000329021532319883;0.009997069291516721;0.06169958454155329
caspian;0.009809124835122722;0.0510831132943141;0.2206892030633243;0.24199562227022897
land;0.04289124048991788;0.11145827659687571;0.0664898658048701;0.00036358722018060987
hatre;0.004065802105493773;0.0029675141704285945;0.0047278416284248495;0.004013509239729365
limes;0.0011932195094407367;0.0005292890417364125;0.0003176266804573039;0.00027015982738598407
idamé;0.002065363839699029;0.00026564236522397006;0.02015776411442917;0.0054900082579394955
idealization;0.0247820130590042;0.01605302452932877;0.005078211508858837;0.00015514371991029644
antithesis;0.0020517497142202904;0.0010898593617627694;0.010166298812705754;0.005521136224072767
muhlberger;0.012843076873447786;0.0004949583029501823;0.02547407133289445;0.06261507994790513
gaupp;0.002509078145501547;0.0016204523885699007;0.0020286819389269124;0.0017293982453060624
africa;0.01468697401293227;0.005762394216671353;2.1772727712239644e-05;0.0003069441506465837
migrations;0.022957164983481968;2.941807363770036e-06;0.005089304351168769;0.020946063511957914
punitive;0.021688941097010566;2.4813400919213434e-05;0.027996220838508355;8.525770819586226e-05
odovacar;0.007964331539815227;0.0033531318991790898;0.00025649109885883493;0.01051484273222036
bleda;0.15883677416222164;0.02085572056947403;0.013312880758252568;0.009226680603248882
raider;0.002226930229696024;0.010618928907580722;0.00020115816299457143;0.0005705712681516493
theoderic;0.10113430358351647;0.0021679383239142365;0.00013879182002841668;0.02010505056717612
chronicler;0.0681119292965437;0.04778427369268759;0.0033559613444475527;0.02970567843734659
manpower;0.02109969122693237;0.043403583336916345;0.0008799389215864062;0.02986721074861627
opinion;0.00028574738845120587;0.028933412471151384;0.16052063763880256;0.037685679185903494
impera;0.011780494691189745;0.03169345951333724;0.006849417220025228;4.523039122742564e-06
pope;0.11098997805502188;0.0015134741924864878;0.00012145287344446999;0.10255237524236088
notitia;0.0009190524335585222;0.0009563330627054526;0.0006054600433156839;0.0032237552363930558
cruelty;3.142977226926345e-05;0.018164636395233344;0.01259684502768692;0.0016848242622385069
state;0.0010603607375465128;0.04748811019757223;0.14965481230552294;0.00803168727985576
pay-;0.0012993889688082394;0.00016827525451206516;0.0005608797504057499;0.004638737079349473
piggott;0.006593937009754438;0.003000084168419661;0.000794925775483198;0.00026503833002298886
rhenanus;0.0017873120098338762;2.212644049783413e-05;0.0040081584853639655;0.002013693438709373
marcellinus;0.018348987854668642;0.00423897426236781;0.04212297562942665;0.01869849266779389
describe;0.08778375482209184;0.07629323603124036;0.11275770387053481;0.016479691576271757
eminence;0.010766518716107032;0.0012680168003359415;0.0003604318017965701;0.011149820523857195
vinum;0.007052325894481344;0.002972775584382667;0.006616213863318934;0.000688516516618378
intrusive;0.07537712029997182;0.031402221090312266;0.000464540161158408;0.002281442789854279
antioch;0.062422005921511904;0.0002205388875607442;0.015600073815814613;0.02448474898615623
government;0.00043366126070441905;0.04445743751379208;0.07775175576014641;1.8474197779297855e-06
unit;0.01328964521116073;0.048564234132934606;0.0025937691129115214;0.004955851307905423
invade;0.05351482072884505;0.07137351956149335;0.0057926999702869455;0.0184785976388934
connotation;0.0019791387210517475;0.02862476399366949;0.07742679650480887;0.015049907181938693
barbaros;0.0028913863238982738;0.00440548812502842;0.0034798026931087095;3.754868117403551e-05
leovigild;0.18472478038024415;0.1672055392980303;0.0008411687967449829;0.009687001356283854
italiens;0.027269892264036973;0.011409388825251353;1.7345285320990539e-07;0.0030795692924226337
distinction;4.098138026350985e-06;0.022940448460477735;0.18987878038191588;0.07333736305774693
christianitas;0.003043580850384381;0.002782902503899751;0.0006865274220381321;0.0035167122823632044
dignitatum;0.0008196748047207978;0.0004090061839109545;0.000992288493197517;0.005554602836142731
administrative;0.03623884234317395;0.01933299076880053;0.05579757378419867;0.009276912075131706
accomplishment;1.0549130036187094e-06;0.0033358971957333054;0.01193119387630097;0.0018217301493087543
allegiance;0.015168819783016502;0.06517191471509776;0.05377367137756259;0.00042086845760147984
barbaric;0.008125317311150935;0.0042598592729928865;0.033135241933573874;0.016306988957490214
534;0.011166632837675796;0.0003605360902571371;0.0002606830644355247;0.00033211762592005
ralph;0.0024044543124714856;0.022270574001981885;0.007047853001992033;0.001879307158970387
emilio;0.004569338247898679;0.004174164133687482;0.0008466749168393389;0.0033986897851473823
intractable;0.04116204123512794;0.0001562176916572599;0.006437616448335968;0.004359542969115052
transformations;0.019703894491911764;0.009324949069281049;0.008998273526279235;0.002955163511823234
ajam;0.00010085163704484668;0.0033956101101821224;0.0075535636683926495;0.003242130983334848
tyana;0.006136773045339886;0.005043120094982223;0.0016330716449996627;0.0068478660885063925
rutilius;0.00020381641424778232;0.00027360670009661525;0.0005312392768179376;6.107423944496003e-05
impermeability;0.012271832701781534;0.05919786065602658;0.24184567312579847;0.2385550719976444
barbaritas;0.006876708209845066;8.151911104991216e-05;0.013046063909573259;0.00385958414831254
threat;0.047934141640718575;0.09540394041834659;0.006835219136976595;0.00029274723340133276
pannonia;0.011010954037913138;0.025433820898488807;0.044114447398910114;0.0012184843483861547
avitus;0.08558916520254331;0.06895838904771337;6.09329939227998e-06;0.0003530902841222819
north;0.020865205875458415;0.0004830732242238583;0.006859843407213083;0.0023080823021487335
invasions;0.05610805434753039;0.014043576746121706;0.01838287993074658;0.0007688496469784353
consider;0.003451786669929275;0.02838245429878773;0.1489574432880414;0.03948646062965124
corruption;0.0005554830648199457;0.012697572673860185;0.04687492206055161;0.01440217284490325
clovis;0.009763085582617176;0.0028503101226142334;7.737278381238657e-05;0.004887376978093096
abhor;0.01937607671629703;0.0012093573965806005;0.003754226996191898;0.004774558799785845
denarii;0.0006039343444408905;7.594029661663183e-05;0.004467005876694684;0.007657317438338316
justinian;0.05552438100122111;0.0427449819811786;0.0037943333007131115;0.06662384674297361
armies;0.0024641945962283096;0.003423016000576189;0.0004236138036253217;0.015978697251998984
law;0.00027725722362302195;0.0033964186940466877;0.16087917701455406;0.01911978751492712
valentinova;9.884020874394134e-05;0.00015951879004862414;0.008925476004130843;0.0006764167907074356
walter;0.03874651804728446;0.010968946081762741;0.0014571323495682455;0.00016856576995843747
gibbon;0.013354157262912059;0.008459859555774147;0.01156530602767823;0.018985871887642884
romanize;0.002641913452580196;0.01971379316583556;0.012213542184471156;0.0007609352323353614
chrysos;0.003806929483326946;0.0007563407433660627;7.538098684847768e-05;0.0017412607167262347
parnell;0.008877597440623965;0.029366675295093722;0.0036511041797316047;0.01139373562708653
database;0.01827445056880093;0.058113769649166716;0.0038056228540401414;0.017372577032799152
oaks;0.010314856734224047;0.005653351526508564;0.006181709674257089;0.0064811234713616096
wars;0.00253155263259762;0.01640911783653979;0.0011990099830404615;0.02953551075426825
διὰ;9.160889334213992e-06;6.767569648968855e-05;8.520209001065949e-05;0.0007643862046994397
nepos;0.003942482103043767;0.0006466194511964333;7.148072983615696e-05;0.005468188300523229
chair;0.0071881604226853805;0.009838867996162954;0.002335148276693254;0.001320855436095924
whitby;0.0003632544334995993;0.00460764582826079;0.0017256626000938587;0.014652969944838695
catholics;0.01999410599095214;0.003927968779626191;0.02485258049757064;0.005262448491424045
greatrex;0.0002993212827602669;0.0007280665441688007;0.0234975799293452;0.00026812254046243585
296;7.992466353036049e-05;0.002006240862632052;0.0008107563930683384;0.01088474826147101
wolfram;0.001579231928813574;0.0009957773150493024;0.0055094307437047;0.00012871458769091347
wickham;0.11702871356317307;0.06271225768549785;0.03903398279905733;0.0055828793537533224
coin;0.000578749916758991;0.0032092849309830964;0.009874473357496898;0.03519125754696041
procopiuss;0.0028420194618067793;0.008285029999092345;0.002024268102991403;7.498069640474834e-07
tivadar;0.011172947986319482;0.00449879176290854;0.004522538640273717;1.3416496400601462e-06
illerup;4.0820509755154705e-05;2.5994878986715855e-06;0.0002169309797295671;0.0007181126435506312
eckfeld;0.0025856179879036943;0.0011272645974158412;5.938748940996109e-06;0.01129316959253285
antique;0.010582107275127785;0.03089569066326338;0.09248609051626645;0.07945761104854651
crusaders;0.00015166114966219646;0.0010153780184099447;0.0061220614437408226;0.00017058993452006362
tribal;0.0033289722255097536;0.08688829337756482;0.010519363223944596;0.03569688296712928
accommodation;0.005971171386292268;0.0005131625056095832;0.007798691413614523;0.00027987001816824066
narses;0.03304882910332472;0.05103362320410151;0.0038597838213351504;0.03412703997666784
hieronymi;0.0003900847280088987;0.002339752415939355;0.009504907110285964;0.00029591657022760306
septimius;0.00017061710789291565;3.4076878000447585e-07;0.0008597962183420385;0.002118704340307281
238;0.0022927093625889614;0.00018366518656152741;0.0018421896854618068;0.0008658824889726687
lee;0.041504031817210886;0.0320327082286844;0.025101415369837263;0.00936619518744696
koncz;0.002886820041344156;0.0008389375183292449;0.0017557953788695595;3.472241167563368e-05
theophylact;5.310193736016827e-05;0.0004165377264361712;0.00042372655288562343;0.004655142467658791
aurelianus;0.0038361706653309464;0.003932369398034695;0.013348032935923165;9.796056371674581e-05
eusebii;9.19513374709824e-05;0.0017645165809639328;0.008345820582850634;0.000200352004664897
vida;0.020923819362243436;0.006230168367786594;0.00904082237922667;9.560228577857065e-05
new;0.2255445496147337;0.10427334749678024;0.014071771296067211;1.5707372214878782e-05
integration;0.00861969599626765;0.00020406573189581592;0.04393309755845341;0.012385854622278331
turgesius;0.0007701878237764179;0.0015221849982486391;7.582556689216799e-05;3.69985747971008e-05
gaming;4.738954104753221e-05;9.911741883620707e-05;0.00011128209950822503;0.0002588336379489884
lope;0.0019714296578849395;1.6498401947958478e-06;0.0017259117639054171;0.003770974745481965
legal;0.0020617245734593855;0.009000316471435028;0.13165166500192654;0.02380639453675413
2006;0.23429230915086438;0.14002987072951467;0.11907237524207931;0.01818292906807649
minnesota;0.014494015625832657;0.009638169446254705;0.0045737107279601764;0.000178345342408379
kansas;0.001788924422722122;0.0012300055379558853;0.0013670738900724666;0.00239351459349156
villainous;0.0004959960938773322;4.765692835683324e-05;0.0021189229764984633;0.0035037214394465096
historians;0.014534517015498082;0.021467473897980347;0.02936299252022694;0.008538660145842033
1011;0.0003493618359076751;0.0030034543008129523;0.0035274490024804735;0.0007573436154776464
história;0.01446478205975389;0.0063579881521948454;5.3553466314988156e-05;0.0006228268106477944
florin;0.005600558445535268;0.002614457466919002;0.005089528628782445;6.100482556331849e-05
hamlet;0.0013765214183763571;1.3825213437288475e-05;0.0023880405483158733;0.003299901204344701
strabo;0.00045082432657440825;0.018827853580643726;0.10282860873176318;0.09272270020817999
grégoire;0.00025600992362575267;0.002735766025142347;9.989388394163243e-05;0.0003902841498369886
techniques;0.010567863370104404;0.007944668540627501;0.009889842081674552;0.005640213058714424
slavorum;0.002965792008409028;7.115450893102862e-05;0.0002666442358514612;0.0006093781214729233
olympiodorus;0.0068806586148715265;0.00030383705967962094;0.048533794122588146;0.05557366509234719
quiroga;4.902414795293003e-05;0.007661514395177382;1.8283584424608113e-06;0.0014535142654138493
principle;0.0016467064721559605;0.01047464970226708;0.19121503864507114;0.052455366088317516
kazanski;0.007239938163387095;0.010967274224082845;0.004685770187232026;1.253795067958902e-07
völkerwanderung;0.02429865605610104;0.004994840594153677;0.003343637557685792;0.00017159035619733175
425;0.0025368694928425434;0.002702868683710671;0.08515192774375442;0.05260794565351069
helmold;0.0006897659140648084;1.2417151542948353e-05;0.00046139285248374124;2.030249671053276e-05
border;0.01489052143599672;0.10291610019702754;0.013297490363207647;0.0020524614876537583
brather;0.019503378323412278;0.009645552576132465;0.0058072344384356486;4.692986325227551e-06
odo;0.00425415409183835;0.0007273683778180658;0.0030105917376421973;0.0004085169725084992
dunn;0.0031409719688841567;0.020669126843123515;0.005489545879414729;0.012882379795547818
stuttgart;0.04758192940912141;0.05721246526264818;0.10530285680893563;0.007715738535500116
ghep;0.0017356159454222843;0.008366771723113328;0.0014183546456865764;0.000803508739193824
belt;0.0006191176532062236;2.9044220048463058e-05;0.0023907193877052454;0.0035538904990459483
muzeum;0.007965638788188251;0.0053264941860018305;0.004302902597334474;0.00034432676942335277
facility;5.322164143681376e-05;0.0011992356274687114;0.00332699461308386;0.00014072635241769765
gate;0.003404256127619192;0.012218123356915935;0.06440822141407694;0.005691028039444471
glean;0.006839729301614272;0.0004117723636028578;0.00048810847937800535;8.192587388064343e-06
istván;0.003958025238649573;0.0008051393755987632;0.001602883800225043;5.461950659073275e-05
libri;0.00025894972313226497;0.023117155797876963;0.025860854742823486;0.0031020583833861566
curta;0.012735705586132996;0.0033654672165962336;0.008180918319986666;0.0008193479178987181
dark;0.03462362639223596;0.0030906747775380776;0.0012366065188000497;0.00022771334511729102
drake;0.025743505911585134;0.02967887904658809;0.04330242645729315;0.03836501822713582
falconieri;0.019016605238684568;0.008903578887443123;0.00017281857635081588;0.0012298442010734508
migratory;9.929048205159861e-05;0.007288832013783248;0.0009424753571707483;0.00017781608896417822
citizen;0.005153736935348812;0.03617917289001832;0.06467987809953099;8.09875407698717e-05
dorothea;0.00041570463158281115;8.785017961656699e-08;0.0017076857544756055;0.0002566087697901874
avars;0.009894398412132613;0.0016494004765296;0.003993191685168609;0.006944533356160796
kajkowski;0.004244253525971593;0.0014508825119788845;0.0003887098830615159;0.00015900541526461966
paulinus;0.014848318488549036;0.036281784708100624;0.027020289488039174;0.0036981959987626876
livelihood;0.02506720678803065;0.0032619663026066214;0.0006646588449337243;0.0013222807903750737
551;8.82119029333394e-06;0.00970464166474279;0.029155375819877625;0.0017406991185336998
croats;0.007848768873650176;0.0013647737954928362;0.011751998367584835;0.017777543241112324
krause;0.011159773218254714;0.004105273878459014;0.0021526501621310385;0.0003338463729778846
severus;0.01265473091969448;3.885336125298279e-05;0.013298587616160087;0.03375802402389916
312;0.00016470887786904754;0.003330177763729106;0.0019939485036282226;0.006372691766247792
nations;0.06291535051794317;0.013284843934384087;0.00395254226640545;0.016125313080044095
abandon;0.008378467663303735;0.005168397240182592;0.0012447194757533272;0.06686364023834328
alan;0.004269334831153679;0.00034216789344639493;0.004349108428248091;0.0027691345815555476
concepts;0.12130146656431381;0.043092081805350804;0.011205350299665436;4.651056752656902e-08
tribute;0.002804930122490315;0.022070269044323004;0.0017565991142504123;0.00044576837540345174
theodosian;0.0024009502445418223;0.0005806372556765273;0.005512536930510184;0.001253689528614401
ages;0.36729371386902493;0.14300725198160066;0.022812755744295782;0.001389023509298091
iustitia;0.0005254065313697095;0.002823220599567781;0.01614934429864379;0.0019054947928823097
medievalism;0.028041374000196476;0.013286712424280627;0.0005844270899106168;0.002198620988981174
matthews;0.001231301446866082;0.012268497464286947;0.00858355878395934;0.0015380831677782331
vilnius;0.015403115418347626;0.010977400474688878;0.013706488042345684;0.00848126522764784
performative;0.00270084333070528;1.9317644660133118e-05;0.005880430129455523;0.008438397259863225
bloomington;0.07789615178792152;0.05638734693943038;0.03158241462497511;0.004525383119345332
540;0.0043912408285778325;0.00796984078858651;1.3790861248983396e-05;0.020917940014045337
process;0.0384846851438669;0.020411626465060253;0.14883448558134688;0.059591060542544934
mixed;0.00021204666525153227;0.02919890810538102;0.07514566720598209;0.04369859017567121
finding;0.032153783530779925;0.0012813208720251256;0.008559231012318532;0.0028226417618966264
centuries;0.2536874429615239;0.11391159996842866;0.056215587713229424;0.003927749676372373
birth;0.04133756516722101;0.005060299066211952;0.0013979168613965452;0.002807138837749655
2005;0.26758227324793166;0.16165218202132858;0.09809863298380758;0.004863650527632777
2007;0.18513623060355205;0.09217258898825184;0.21415805826619463;0.0010287549948869241
2015;0.22924888895686663;0.10781415485785546;0.08098219225829403;0.005753788148776901
bog;0.01473472700598565;0.0063730327597064235;0.008742172488636077;0.001142715830768449
budapest;0.06411373621429571;0.024964586844431976;0.04263478435769496;0.0003908797717382067
turonensis;0.0034095111726853483;0.007841801299765895;0.009104079968076752;0.0020876967439980073
322;3.3756938637748446e-05;1.4877607721975482e-05;0.0008548933457562154;0.002218877767370419
vulgar;0.00029183397290986955;0.0033009439567900267;0.017646781593439454;0.012997408260196571
assemble;0.019127421916356142;0.02146781958402423;0.01345676416046062;0.021027455376648067
comedy;0.005968281847567787;0.00020719860911815827;0.0032889333071661067;0.007025150441376489
ravage;0.051666188657866166;0.09040972624071557;0.00499820082636794;0.0013363464952087663
sabine;0.0016376425199280547;0.00048437343986050833;0.004182434551012136;0.0341912778953149
diocletian;0.019324166265598738;0.003753602454272325;0.0016974308384014405;0.09148478924832096
york;0.2844955410241322;0.16972491733886988;0.07529202830971969;0.002268732029906375
2009;0.20890673615398261;0.10957269293191386;0.15152343538595278;0.008135714080192997
americans;0.03553836103637954;6.77602840990147e-05;0.02670226737954695;0.007791640607241577
supremacy;0.0010654129382795645;0.0157865267880078;0.004723756676920014;0.0037519427443923085
historiography;0.05987979952174694;0.023853303316524688;0.0005364869198797342;9.902514186497573e-05
argument;0.0019515850007777982;0.0055040877065966965;0.07508149657443644;0.01267284691885364
452;0.0251904757129189;0.004035078164661762;0.04442613040822599;0.0769986232131121
excess;0.001441565018883597;0.00033495540498344674;0.011591651530748868;0.010195820648246543
theatre;0.01365900500572048;0.002257915554552616;0.001110586377204087;0.00454100878876641
charge;0.04361439424011241;0.023832011364207706;0.05087850142270062;0.0021156125662775333
blackwell;0.1887835348105025;0.1061703914320862;0.05736769832205582;0.015275227227424738
blend;0.0012871444626936877;0.0015522358303939844;0.004023549472241753;0.0016011943227384686
ille;0.0038855476688789926;0.0010546835629922297;0.00043616464264751854;0.0018174333347253135
nj;0.15861389259844294;0.08773022573523366;0.03352737259300838;0.00012042504091826407
transl;0.007567725194684836;0.0056271433514268965;0.0027510760689976187;0.00037398984759716224
paganism;0.000827656823264965;0.0037256362642956865;0.0033965670963742203;0.0011505993215031782
hegemony;0.014526776791906532;0.000772941990104705;0.012711316043773511;4.668435719918939e-06
fitting;0.0008557574803171235;0.0009502709548654162;3.3803953641513546e-06;0.00021440091552529076
revolution;0.09976529402485161;0.009757710576877065;0.013575888432398101;0.006331082585953957
thomson;0.004009004560134351;0.0046128878891024665;0.002058060503281615;0.0003555313719350626
307;0.02947992773285958;0.012450441734023045;0.0029910585053502642;0.00020497928461881085
invest;0.001303886009973605;0.0006247126177432069;0.017012812359980128;0.003853284759052157
myth;0.1019161087978825;0.0015387073902972375;0.002760755521681664;0.031773145989389816
fate;0.04164377848849903;0.019299630984156897;0.0012530803557861355;0.03453047624273731
discover;0.0010300746540455974;0.0016194240923773707;0.00028053566833978136;0.00029556396102090813
modern;0.25004657626033655;0.02860366509209086;0.0248400313661927;0.05630732223742217
archaeology;0.33028273634931193;0.1339186572813719;0.08525063303416695;5.68934303297301e-05
offering;0.0015189330718034316;0.001634538600361632;7.794824675305872e-05;0.008334281484863985
native;0.00564732016666467;0.07365033250084232;0.07190450399777615;0.006268773047350614
neighbor;0.007513531311639957;0.04791475443842383;0.06789838182851489;0.009822606436166328
making;0.10249755273081307;0.017397925700543746;0.005427401818403385;0.009824489528096073
epistulae;0.040492750267117614;0.013628352111833922;0.0835927603462547;6.339186760709344e-06
byzantium;0.020241999949926946;1.3426282238747641e-08;0.005519134323983233;0.02305092670909738
arbor;0.07700687116419527;0.05544203397763828;0.0434008554835943;0.015493927228435756
exhibition;0.07227367408586079;0.036386095846679636;0.011220351094639052;0.00014275810595733277
2011;0.24041456228973598;0.15276127261197608;0.0971558267695422;0.005878865982809392
spread;0.005165089778605648;0.015104163820606394;0.03703501916163296;0.009626017498677203
heraclius;0.009692460793204516;0.0010315434148923882;0.0007303123350486153;0.027210476191276634
london;0.26063161898369697;0.17729639234187253;0.09860549184647975;0.006933107334834978
295;0.028285846002443292;0.014371074962537004;0.0017001829991553413;2.5909067193522255e-06
harris;0.1768234107807814;0.10072706639387989;0.032487042345334886;0.0018326845746715087
lawrence;0.05818958844934155;0.021432341898691108;0.012145643829239041;0.0013668310922818846
history;0.2060184996441626;0.1224061564666867;0.012750225889632457;6.673336719231017e-05
american;0.17871156683499842;0.06002524422595783;0.015384089254454515;0.0017761828334659883
vienna;0.024584529678081196;0.03755899977628051;0.04434821960266401;0.008698067003793712
fall;0.012699029493009427;0.01199068693012564;0.0005160741888205252;0.024974917499627654
´;0.018055242331908448;0.0019183045455100148;0.00102260672860986;0.0014645441899243342
policy;0.0004544055644279659;0.03754503969606457;0.05199527869683673;0.0029516594365520993
kingdoms;0.08900583500997433;0.024658942302257295;4.437612313671985e-10;0.0017823153449720533
contorniate;0.0011870989173805102;0.0006749690768435415;0.005022464403214461;0.03633420065500163
huta;0.004644602758817538;0.0023431399141625947;0.000240060879146279;0.00024912294168562835
personality;0.002706312416106115;0.012322852449747193;0.12023152810707642;0.03436362250359599
coinage;0.0018874610031926506;1.5326430571326628e-05;0.009835899529872506;0.02066760538780831
easy;0.0017960015070422526;0.03418100250291988;0.10807913539408946;0.0371115359360653
silent;0.002041013318188991;0.0008608204494983187;0.01889963009371085;0.004889477492376579
international;0.18757447407573957;0.05551843679287912;0.013713833512783484;0.002407567512455764
1980;0.14165576678454192;0.114217367327718;0.06905842348134937;0.008809462509875564
intervention;0.06410990574432446;0.010251937366374;0.004295416084788702;0.09065139916985283
cameron;0.00021546304514111504;0.00013075950125772612;0.06702748569419104;0.0010424196096000542
creation;0.04174808635195786;0.0006203736510132031;0.09349152030829858;0.019474399094592802
perspective;0.221555766423451;0.03628306416945983;0.013048939541098873;0.022272962845973156
politics;0.21863511658051357;0.12431773765855988;0.022854073888174772;1.7576524398644316e-07
sophisticated;0.0070025808736347206;0.009505667221822537;0.06698722528818199;0.019806542225282196
stop;0.03948362166872319;0.07236839273366256;0.00943059928644561;0.0011657153172687194
leipzig;0.03654682474929684;0.018653435919459598;0.06434820524991897;0.004247829043202953
